bill_id,vendor_id,bill_date,quantity,unit_price,amount,paid_date
BILL-00001,V-4011,2025-01-01,17,862.30,14659.10,2025-02-28
BILL-00002,V-4027,2025-01-01,6,39.20,235.20,2025-01-26
BILL-00003,V-4031,2025-01-01,17,65.00,1105.00,2025-01-25
BILL-00004,V-4018,2025-01-01,1,12500.00,12500.00,2025-04-01
BILL-00005,V-4014,2025-01-02,3,5592.66,16777.98,2025-02-24
BILL-00006,V-4024,2025-01-02,21,51.39,1079.19,2025-02-02
BILL-00007,V-4025,2025-01-02,18,97.38,1752.84,2025-02-07
BILL-00008,V-4049,2025-01-02,17,125.30,2130.10,2025-01-26
BILL-00009,V-4019,2025-01-03,12,586.49,7037.88,2025-03-10
BILL-00010,V-4043,2025-01-03,23,49.94,1148.62,2025-01-27
BILL-00011,V-4044,2025-01-03,11,197.04,2167.44,2025-02-04
BILL-00012,V-4049,2025-01-03,5,298.52,1492.60,2025-01-30
BILL-00013,V-4034,2025-01-04,3,388.60,1165.80,2025-02-04
BILL-00014,V-4059,2025-01-04,25,87.99,2199.75,2025-01-26
BILL-00015,V-4043,2025-01-05,12,101.42,1217.04,
BILL-00016,V-4046,2025-01-05,21,111.60,2343.60,2025-01-29
BILL-00017,V-4049,2025-01-05,24,57.05,1369.20,2025-02-03
BILL-00018,V-4053,2025-01-05,13,92.83,1206.79,2025-02-03
BILL-00019,V-4054,2025-01-05,10,29.40,294.00,2025-01-26
BILL-00020,V-4024,2025-01-05,1,1450.00,1450.00,2025-02-04
BILL-00021,V-4003,2025-01-07,8,1487.82,11902.56,2025-02-08
BILL-00022,V-4021,2025-01-07,21,129.40,2717.40,2025-10-30
BILL-00023,V-4029,2025-01-07,11,44.36,487.96,2025-01-29
BILL-00024,V-4032,2025-01-07,20,116.42,2328.40,2025-02-16
BILL-00025,V-4034,2025-01-07,5,341.06,1705.30,2025-02-14
BILL-00026,V-4054,2025-01-07,10,47.69,476.90,2025-02-12
BILL-00027,V-4019,2025-01-08,3,3822.97,11468.91,2025-02-03
BILL-00028,V-4028,2025-01-08,4,384.08,1536.32,2025-02-03
BILL-00029,V-4028,2025-01-08,20,32.64,652.80,2025-02-01
BILL-00030,V-4033,2025-01-08,7,149.06,1043.42,2025-02-01
BILL-00031,V-4018,2025-01-09,23,602.66,13861.18,2025-03-20
BILL-00032,V-4031,2025-01-09,19,97.71,1856.49,
BILL-00033,V-4056,2025-01-09,23,16.88,388.24,2025-02-06
BILL-00034,V-4003,2025-01-10,21,580.96,12200.16,2025-03-16
BILL-00035,V-4023,2025-01-10,4,101.97,407.88,2025-02-07
BILL-00036,V-4023,2025-01-10,7,56.80,397.60,
BILL-00037,V-4044,2025-01-10,25,140.75,3518.75,2025-02-12
BILL-00038,V-4021,2025-01-11,20,80.40,1608.00,2025-02-14
BILL-00039,V-4050,2025-01-11,1,1358.97,1358.97,
BILL-00040,V-4027,2025-01-12,7,27.28,190.96,2025-01-30
BILL-00041,V-4032,2025-01-12,3,332.83,998.49,2025-02-12
BILL-00042,V-4038,2025-01-12,6,377.42,2264.52,2025-02-15
BILL-00043,V-4040,2025-01-12,15,95.12,1426.80,2025-02-12
BILL-00044,V-4034,2025-01-13,25,54.67,1366.75,
BILL-00045,V-4039,2025-01-13,10,140.82,1408.20,2025-02-03
BILL-00046,V-4049,2025-01-13,15,14.86,222.90,2025-02-06
BILL-00047,V-4005,2025-01-14,15,1023.93,15358.95,2025-04-17
BILL-00048,V-4013,2025-01-14,7,2552.95,17870.65,2025-03-11
BILL-00049,V-4025,2025-01-14,3,465.87,1397.61,2025-02-07
BILL-00050,V-4039,2025-01-14,14,152.19,2130.66,2025-02-11
BILL-00051,V-4039,2025-01-14,10,83.18,831.80,2025-02-11
BILL-00052,V-4041,2025-01-14,23,17.98,413.54,2025-02-14
BILL-00053,V-4054,2025-01-14,15,33.70,505.50,2025-02-09
BILL-00054,V-4048,2025-01-15,21,20.59,432.39,2025-02-24
BILL-00055,V-4014,2025-01-15,1,3210.40,3210.40,2025-03-16
BILL-00056,V-4032,2025-01-16,19,95.45,1813.55,2025-02-13
BILL-00057,V-4037,2025-01-17,15,38.78,581.70,2025-02-08
BILL-00058,V-4059,2025-01-17,22,72.21,1588.62,2025-01-30
BILL-00059,V-4030,2025-01-19,25,13.80,345.00,2025-02-18
BILL-00060,V-4039,2025-01-19,4,697.26,2789.04,2025-02-15
BILL-00061,V-4022,2025-01-20,18,46.26,832.68,2025-02-18
BILL-00062,V-4052,2025-01-20,5,293.08,1465.40,2025-02-17
BILL-00063,V-4056,2025-01-20,15,21.42,321.30,2025-02-27
BILL-00064,V-4014,2025-01-21,2,9346.78,18693.56,
BILL-00065,V-4025,2025-01-21,14,74.11,1037.54,2025-02-20
BILL-00066,V-4045,2025-01-21,5,67.59,337.95,2025-02-17
BILL-00067,V-4058,2025-01-21,25,26.79,669.75,2025-03-03
BILL-00068,V-4016,2025-01-22,9,1303.13,11728.17,2025-03-10
BILL-00069,V-4032,2025-01-22,24,72.12,1730.88,2025-02-22
BILL-00070,V-4035,2025-01-23,9,38.61,347.49,2025-02-21
BILL-00071,V-4015,2025-01-24,17,781.89,13292.13,2025-02-24
BILL-00072,V-4019,2025-01-24,15,440.94,6614.10,2025-03-11
BILL-00073,V-4029,2025-01-24,19,23.27,442.13,2025-02-25
BILL-00074,V-4044,2025-01-24,12,149.94,1799.28,2025-03-01
BILL-00075,V-4031,2025-01-25,6,260.60,1563.60,2025-02-21
BILL-00076,V-4041,2025-01-25,7,35.19,246.33,2025-03-09
BILL-00077,V-4007,2025-01-26,4,4118.76,16475.04,2025-04-05
BILL-00078,V-4052,2025-01-26,18,151.50,2727.00,
BILL-00079,V-4053,2025-01-26,8,119.25,954.00,2025-02-25
BILL-00080,V-4056,2025-01-26,5,130.15,650.75,2025-03-02
BILL-00081,V-4021,2025-01-27,10,253.39,2533.90,2025-02-26
BILL-00082,V-4024,2025-01-27,20,85.23,1704.60,2025-02-22
BILL-00083,V-4051,2025-01-27,13,242.12,3147.56,2025-02-22
BILL-00084,V-4056,2025-01-27,9,80.29,722.61,2025-02-26
BILL-00085,V-4012,2025-01-28,21,698.20,14662.20,2025-03-21
BILL-00086,V-4019,2025-01-28,20,280.76,5615.20,2025-03-09
BILL-00087,V-4040,2025-01-28,13,192.14,2497.82,2025-02-26
BILL-00088,V-4043,2025-01-28,12,144.63,1735.56,2025-02-27
BILL-00089,V-4049,2025-01-28,2,1178.62,2357.24,2025-03-07
BILL-00090,V-4052,2025-01-28,5,136.40,682.00,2025-03-10
BILL-00091,V-4045,2025-01-29,20,19.80,396.00,2025-02-15
BILL-00092,V-4047,2025-01-30,12,249.82,2997.84,2025-02-28
BILL-00093,V-4054,2025-01-30,5,97.92,489.60,2025-02-24
BILL-00094,V-4022,2025-02-01,8,125.55,1004.40,2025-03-06
BILL-00095,V-4025,2025-02-01,12,107.37,1288.44,2025-03-01
BILL-00096,V-4036,2025-02-01,4,182.61,730.44,2025-03-09
BILL-00097,V-4039,2025-02-01,10,158.61,1586.10,2025-03-03
BILL-00098,V-4046,2025-02-01,12,216.41,2596.92,2025-02-27
BILL-00099,V-4018,2025-02-01,1,12500.00,12500.00,2025-05-02
BILL-00100,V-4002,2025-02-02,12,2499.88,29998.56,2025-03-23
BILL-00101,V-4022,2025-02-02,3,524.83,1574.49,2025-02-24
BILL-00102,V-4030,2025-02-02,5,40.57,202.85,2025-03-07
BILL-00103,V-4005,2025-02-03,19,870.99,16548.81,2025-04-25
BILL-00104,V-4028,2025-02-03,9,358.47,3226.23,2025-03-02
BILL-00105,V-4041,2025-02-03,2,266.22,532.44,2025-03-12
BILL-00106,V-4048,2025-02-03,6,94.59,567.54,2025-03-04
BILL-00107,V-4053,2025-02-03,11,61.58,677.38,2025-03-03
BILL-00108,V-4039,2025-02-04,8,368.18,2945.44,2025-03-03
BILL-00109,V-4058,2025-02-04,12,132.73,1592.76,2025-03-08
BILL-00110,V-4060,2025-02-04,13,44.00,572.00,
BILL-00111,V-4009,2025-02-05,8,1099.35,8794.80,2025-03-24
BILL-00112,V-4032,2025-02-05,12,200.51,2406.12,2025-03-10
BILL-00113,V-4049,2025-02-05,24,81.66,1959.84,2025-03-05
BILL-00114,V-4054,2025-02-05,22,11.91,262.02,2025-03-02
BILL-00115,V-4057,2025-02-05,9,125.64,1130.76,2025-03-02
BILL-00116,V-4024,2025-02-05,1,1450.00,1450.00,2025-03-07
BILL-00117,V-4023,2025-02-06,5,108.07,540.35,2025-03-11
BILL-00118,V-4023,2025-02-06,20,23.66,473.20,2025-03-03
BILL-00119,V-4045,2025-02-06,22,10.62,233.64,2025-03-03
BILL-00120,V-4058,2025-02-06,21,88.80,1864.80,2025-03-05
BILL-00121,V-4022,2025-02-07,23,103.33,2376.59,2025-03-09
BILL-00122,V-4035,2025-02-07,13,28.31,368.03,2025-03-09
BILL-00123,V-4041,2025-02-07,22,15.62,343.64,2025-03-19
BILL-00124,V-4006,2025-02-08,10,1733.50,17335.00,2025-11-03
BILL-00125,V-4006,2025-02-08,7,2785.37,19497.59,2025-05-05
BILL-00126,V-4013,2025-02-08,11,1701.45,18715.95,2025-03-15
BILL-00127,V-4038,2025-02-08,15,114.99,1724.85,2025-03-08
BILL-00128,V-4050,2025-02-08,8,107.68,861.44,2025-03-10
BILL-00129,V-4018,2025-02-09,3,6767.15,20301.45,2025-05-26
BILL-00130,V-4025,2025-02-09,10,93.96,939.60,2025-03-11
BILL-00131,V-4039,2025-02-09,25,131.84,3296.00,2025-03-19
BILL-00132,V-4041,2025-02-09,7,59.67,417.69,2025-03-14
BILL-00133,V-4006,2025-02-09,7,2785.37,19497.59,2025-05-06
BILL-00134,V-4021,2025-02-10,8,211.67,1693.36,2025-03-19
BILL-00135,V-4021,2025-02-10,7,249.15,1744.05,2025-03-06
BILL-00136,V-4031,2025-02-10,5,234.01,1170.05,2025-03-10
BILL-00137,V-4038,2025-02-10,14,170.16,2382.24,2025-02-28
BILL-00138,V-4046,2025-02-10,25,98.40,2460.00,2025-03-08
BILL-00139,V-4050,2025-02-10,23,39.44,907.12,2025-03-15
BILL-00140,V-4053,2025-02-10,20,36.99,739.80,
BILL-00141,V-4055,2025-02-10,7,110.02,770.14,2025-03-13
BILL-00142,V-4037,2025-02-11,21,91.61,1923.81,2025-03-09
BILL-00143,V-4042,2025-02-11,13,41.59,540.67,2025-03-07
BILL-00144,V-4053,2025-02-11,9,109.52,985.68,2025-03-17
BILL-00145,V-4054,2025-02-11,8,33.06,264.48,2025-03-08
BILL-00146,V-4019,2025-02-12,18,702.55,12645.90,2025-04-04
BILL-00147,V-4030,2025-02-12,23,2.17,49.91,2025-03-10
BILL-00148,V-4043,2025-02-12,8,199.78,1598.24,2025-03-05
BILL-00149,V-4001,2025-02-13,23,614.57,14135.11,2025-04-15
BILL-00150,V-4043,2025-02-13,19,75.29,1430.51,2025-03-13
BILL-00151,V-4002,2025-02-14,10,2266.79,22667.90,2025-04-19
BILL-00152,V-4006,2025-02-14,25,758.33,18958.25,2025-04-09
BILL-00153,V-4008,2025-02-14,23,623.72,14345.56,2025-03-23
BILL-00154,V-4033,2025-02-14,4,348.79,1395.16,2025-03-13
BILL-00155,V-4033,2025-02-14,19,60.62,1151.78,2025-03-23
BILL-00156,V-4049,2025-02-14,10,137.31,1373.10,2025-03-16
BILL-00157,V-4050,2025-02-14,21,17.16,360.36,2025-03-13
BILL-00158,V-4051,2025-02-14,18,139.83,2516.94,2025-03-07
BILL-00159,V-4024,2025-02-15,18,78.88,1419.84,2025-03-09
BILL-00160,V-4028,2025-02-15,17,86.17,1464.89,2025-03-05
BILL-00161,V-4060,2025-02-15,15,27.56,413.40,2025-03-22
BILL-00162,V-4014,2025-02-15,1,3210.40,3210.40,2025-04-16
BILL-00163,V-4010,2025-02-16,6,1645.12,9870.72,2025-04-07
BILL-00164,V-4020,2025-02-16,3,4582.42,13747.26,2025-03-12
BILL-00165,V-4039,2025-02-16,13,88.57,1151.41,2025-03-12
BILL-00166,V-4049,2025-02-16,17,140.24,2384.08,2025-03-22
BILL-00167,V-4020,2025-02-17,1,20867.57,20867.57,2025-03-30
BILL-00168,V-4045,2025-02-17,18,17.66,317.88,2025-03-05
BILL-00169,V-4053,2025-02-17,25,34.23,855.75,2025-03-27
BILL-00170,V-4027,2025-02-18,23,13.81,317.63,2025-03-19
BILL-00171,V-4029,2025-02-18,15,38.82,582.30,2025-03-20
BILL-00172,V-4053,2025-02-18,4,203.50,814.00,2025-03-22
BILL-00173,V-4005,2025-02-20,12,2139.19,25670.28,2025-05-12
BILL-00174,V-4033,2025-02-20,11,110.37,1214.07,2025-03-20
BILL-00175,V-4045,2025-02-20,18,25.14,452.52,2025-03-28
BILL-00176,V-4059,2025-02-20,17,79.14,1345.38,2025-03-22
BILL-00177,V-4013,2025-02-21,5,2784.80,13924.00,2025-04-11
BILL-00178,V-4021,2025-02-21,24,127.14,3051.36,2025-03-19
BILL-00179,V-4027,2025-02-21,9,67.49,607.41,2025-03-28
BILL-00180,V-4041,2025-02-21,4,63.49,253.96,2025-03-26
BILL-00181,V-4047,2025-02-21,11,88.98,978.78,2025-03-23
BILL-00182,V-4056,2025-02-21,21,11.35,238.35,2025-03-27
BILL-00183,V-4057,2025-02-21,22,100.27,2205.94,2025-03-28
BILL-00184,V-4020,2025-02-22,16,1105.29,17684.64,2025-04-08
BILL-00185,V-4047,2025-02-22,7,233.27,1632.89,2025-03-28
BILL-00186,V-4018,2025-02-23,7,2334.39,16340.73,2025-05-22
BILL-00187,V-4022,2025-02-23,4,438.54,1754.16,2025-03-19
BILL-00188,V-4033,2025-02-23,3,28.07,84.21,2025-03-15
BILL-00189,V-4037,2025-02-23,12,228.59,2743.08,2025-03-13
BILL-00190,V-4044,2025-02-23,24,45.11,1082.64,2025-03-28
BILL-00191,V-4022,2025-02-24,19,66.93,1271.67,2025-03-17
BILL-00192,V-4059,2025-02-24,14,201.39,2819.46,2025-03-29
BILL-00193,V-4009,2025-02-25,11,844.77,9292.47,2025-04-03
BILL-00194,V-4040,2025-02-25,23,34.26,787.98,2025-03-27
BILL-00195,V-4058,2025-02-25,10,138.58,1385.80,2025-03-25
BILL-00196,V-4012,2025-02-26,2,5757.11,11514.22,2025-04-24
BILL-00197,V-4042,2025-02-26,1,508.33,508.33,2025-03-28
BILL-00198,V-4055,2025-02-26,15,81.25,1218.75,2025-03-23
BILL-00199,V-4040,2025-02-26,23,34.26,787.98,2025-03-28
BILL-00200,V-4025,2025-02-27,25,45.37,1134.25,2025-03-30
BILL-00201,V-4037,2025-02-27,4,528.68,2114.72,2025-03-25
BILL-00202,V-4041,2025-02-27,10,25.88,258.80,2025-03-30
BILL-00203,V-4046,2025-02-27,6,259.52,1557.12,2025-03-22
BILL-00204,V-4047,2025-02-27,3,751.38,2254.14,
BILL-00205,V-4022,2025-02-28,15,51.85,777.75,2025-04-01
BILL-00206,V-4054,2025-02-28,4,114.02,456.08,2025-04-05
BILL-00207,V-4008,2025-03-01,24,662.30,15895.20,2025-04-12
BILL-00208,V-4017,2025-03-01,24,550.79,13218.96,2025-05-04
BILL-00209,V-4034,2025-03-01,17,88.68,1507.56,2025-03-27
BILL-00210,V-4042,2025-03-01,10,55.77,557.70,2025-04-03
BILL-00211,V-4044,2025-03-01,3,884.04,2652.12,2025-03-31
BILL-00212,V-4049,2025-03-01,2,1520.89,3041.78,2025-03-18
BILL-00213,V-4051,2025-03-01,16,106.63,1706.08,2025-03-21
BILL-00214,V-4059,2025-03-01,13,158.38,2058.94,2025-03-19
BILL-00215,V-4018,2025-03-01,1,12500.00,12500.00,2025-05-30
BILL-00216,V-4028,2025-03-02,20,109.05,2181.00,2025-03-31
BILL-00217,V-4034,2025-03-02,12,44.62,535.44,2025-04-06
BILL-00218,V-4036,2025-03-02,16,89.14,1426.24,2025-03-30
BILL-00219,V-4036,2025-03-02,6,330.01,1980.06,2025-04-04
BILL-00220,V-4009,2025-03-03,3,2642.80,7928.40,2025-04-13
BILL-00221,V-4003,2025-03-04,14,809.97,11339.58,2025-03-27
BILL-00222,V-4048,2025-03-04,14,17.98,251.72,
BILL-00223,V-4050,2025-03-04,11,23.11,254.21,2025-04-01
BILL-00224,V-4024,2025-03-05,1,1450.00,1450.00,2025-04-04
BILL-00225,V-4019,2025-03-06,3,1255.32,3765.96,2025-04-28
BILL-00226,V-4001,2025-03-07,6,2681.83,16090.98,2025-05-06
BILL-00227,V-4040,2025-03-07,20,115.97,2319.40,2025-04-07
BILL-00228,V-4044,2025-03-08,11,102.42,1126.62,2025-04-17
BILL-00229,V-4059,2025-03-08,21,60.25,1265.25,2025-04-06
BILL-00230,V-4006,2025-03-09,21,741.39,15569.19,2025-05-12
BILL-00231,V-4011,2025-03-09,9,1531.71,13785.39,2025-05-03
BILL-00232,V-4020,2025-03-09,1,27914.43,27914.43,2025-04-23
BILL-00233,V-4057,2025-03-09,25,21.47,536.75,2025-04-16
BILL-00234,V-4044,2025-03-10,1,1412.80,1412.80,2025-04-13
BILL-00235,V-4048,2025-03-10,13,26.72,347.36,2025-04-24
BILL-00236,V-4054,2025-03-10,4,113.82,455.28,2025-04-13
BILL-00237,V-4031,2025-03-10,1,642.15,642.15,2025-04-09
BILL-00238,V-4006,2025-03-11,19,782.16,14861.04,2025-05-10
BILL-00239,V-4014,2025-03-11,14,1309.38,18331.32,2025-05-10
BILL-00240,V-4023,2025-03-11,10,61.48,614.80,2025-04-10
BILL-00241,V-4044,2025-03-11,13,102.10,1327.30,2025-04-08
BILL-00242,V-4045,2025-03-11,2,228.50,457.00,2025-04-03
BILL-00243,V-4056,2025-03-11,7,68.77,481.39,2025-04-10
BILL-00244,V-4057,2025-03-11,16,80.33,1285.28,2025-04-08
BILL-00245,V-4023,2025-03-12,18,35.40,637.20,2025-04-07
BILL-00246,V-4054,2025-03-12,18,14.91,268.38,2025-04-03
BILL-00247,V-4015,2025-03-13,12,2362.24,28346.88,2025-04-28
BILL-00248,V-4030,2025-03-13,13,40.10,521.30,2025-04-18
BILL-00249,V-4032,2025-03-13,20,105.85,2117.00,2025-04-14
BILL-00250,V-4009,2025-03-14,1,8038.14,8038.14,2025-04-30
BILL-00251,V-4039,2025-03-14,9,232.02,2088.18,
BILL-00252,V-4042,2025-03-14,15,25.86,387.90,2025-04-03
BILL-00253,V-4047,2025-03-14,24,63.64,1527.36,2025-04-11
BILL-00254,V-4044,2025-03-15,8,401.42,3211.36,2025-04-24
BILL-00255,V-4045,2025-03-15,7,78.35,548.45,2025-04-04
BILL-00256,V-4048,2025-03-15,3,152.13,456.39,2025-04-18
BILL-00257,V-4049,2025-03-15,7,303.69,2125.83,2025-04-18
BILL-00258,V-4031,2025-03-15,1,642.15,642.15,2025-04-14
BILL-00259,V-4014,2025-03-15,1,3210.40,3210.40,2025-05-14
BILL-00260,V-4029,2025-03-16,19,33.57,637.83,2025-04-19
BILL-00261,V-4040,2025-03-16,19,152.35,2894.65,2025-04-14
BILL-00262,V-4050,2025-03-16,25,20.04,501.00,
BILL-00263,V-4022,2025-03-17,12,83.13,997.56,2025-04-04
BILL-00264,V-4027,2025-03-17,6,36.65,219.90,2025-04-09
BILL-00265,V-4037,2025-03-17,22,160.31,3526.82,2025-04-16
BILL-00266,V-4042,2025-03-17,17,25.64,435.88,2025-04-11
BILL-00267,V-4002,2025-03-18,9,1068.22,9613.98,
BILL-00268,V-4022,2025-03-18,23,100.21,2304.83,2025-04-17
BILL-00269,V-4043,2025-03-18,19,63.64,1209.16,2025-04-12
BILL-00270,V-4029,2025-03-19,19,14.94,283.86,2025-04-13
BILL-00271,V-4032,2025-03-19,17,117.66,2000.22,2025-04-10
BILL-00272,V-4036,2025-03-19,12,159.92,1919.04,2025-04-16
BILL-00273,V-4043,2025-03-19,15,80.07,1201.05,2025-04-01
BILL-00274,V-4018,2025-03-20,7,1340.01,9380.07,2025-06-26
BILL-00275,V-4041,2025-03-20,3,200.44,601.32,2025-04-18
BILL-00276,V-4050,2025-03-20,16,44.29,708.64,2025-04-19
BILL-00277,V-4052,2025-03-20,13,91.03,1183.39,2025-05-02
BILL-00278,V-4053,2025-03-21,20,55.38,1107.60,2025-04-04
BILL-00279,V-4057,2025-03-21,22,51.95,1142.90,2025-04-25
BILL-00280,V-4016,2025-03-22,10,2123.24,21232.40,2025-05-19
BILL-00281,V-4026,2025-03-22,13,34.99,454.87,2025-11-06
BILL-00282,V-4030,2025-03-22,3,124.21,372.63,2025-04-23
BILL-00283,V-4021,2025-03-23,12,202.18,2426.16,2025-04-27
BILL-00284,V-4023,2025-03-23,12,32.95,395.40,2025-04-15
BILL-00285,V-4025,2025-03-23,11,113.90,1252.90,2025-04-25
BILL-00286,V-4040,2025-03-23,17,102.84,1748.28,2025-04-25
BILL-00287,V-4014,2025-03-24,16,570.85,9133.60,2025-05-31
BILL-00288,V-4031,2025-03-24,17,51.05,867.85,2025-04-27
BILL-00289,V-4035,2025-03-24,24,14.03,336.72,2025-04-14
BILL-00290,V-4045,2025-03-25,9,52.04,468.36,2025-04-18
BILL-00291,V-4046,2025-03-25,5,278.42,1392.10,2025-04-10
BILL-00292,V-4047,2025-03-25,15,105.86,1587.90,2025-04-14
BILL-00293,V-4048,2025-03-25,12,4.28,51.36,2025-04-28
BILL-00294,V-4014,2025-03-26,9,1349.85,12148.65,2025-05-29
BILL-00295,V-4032,2025-03-26,25,88.52,2213.00,2025-04-18
BILL-00296,V-4035,2025-03-26,15,3.33,49.95,2025-04-21
BILL-00297,V-4038,2025-03-26,17,25.87,439.79,2025-04-20
BILL-00298,V-4043,2025-03-26,5,224.98,1124.90,2025-04-22
BILL-00299,V-4024,2025-03-27,19,53.35,1013.65,2025-04-19
BILL-00300,V-4026,2025-03-27,13,26.50,344.50,2025-04-28
BILL-00301,V-4043,2025-03-27,11,44.45,488.95,2025-04-24
BILL-00302,V-4047,2025-03-27,25,107.05,2676.25,2025-04-26
BILL-00303,V-4012,2025-03-28,9,610.33,5492.97,2025-06-08
BILL-00304,V-4022,2025-03-28,12,196.11,2353.32,2025-04-20
BILL-00305,V-4035,2025-03-28,18,17.35,312.30,2025-04-23
BILL-00306,V-4049,2025-03-28,13,158.00,2054.00,2025-04-25
BILL-00307,V-4050,2025-03-28,18,43.52,783.36,
BILL-00308,V-4053,2025-03-28,8,62.07,496.56,2025-04-17
BILL-00309,V-4033,2025-03-29,11,159.20,1751.20,2025-04-26
BILL-00310,V-4057,2025-03-29,5,178.58,892.90,2025-05-10
BILL-00311,V-4009,2025-03-30,7,1396.11,9772.77,2025-05-10
BILL-00312,V-4021,2025-03-30,19,84.52,1605.88,2025-04-21
BILL-00313,V-4024,2025-03-30,2,648.59,1297.18,2025-04-27
BILL-00314,V-4024,2025-03-30,6,254.14,1524.84,2025-04-30
BILL-00315,V-4056,2025-03-30,18,19.21,345.78,
BILL-00316,V-4058,2025-03-30,2,647.01,1294.02,2025-05-06
BILL-00317,V-4007,2025-03-31,21,486.18,10209.78,2025-06-20
BILL-00318,V-4025,2025-03-31,9,159.96,1439.64,2025-04-26
BILL-00319,V-4042,2025-03-31,11,36.44,400.84,2025-05-03
BILL-00320,V-4016,2025-04-01,19,733.38,13934.22,2026-02-08
BILL-00321,V-4056,2025-04-01,6,59.90,359.40,2025-05-07
BILL-00322,V-4018,2025-04-01,1,12500.00,12500.00,2025-06-30
BILL-00323,V-4053,2025-04-02,22,62.85,1382.70,2025-04-27
BILL-00324,V-4048,2025-04-03,17,22.12,376.04,2025-05-13
BILL-00325,V-4007,2025-04-05,8,3383.58,27068.64,2025-06-23
BILL-00326,V-4030,2025-04-05,3,211.37,634.11,2025-04-22
BILL-00327,V-4038,2025-04-05,25,72.77,1819.25,2025-05-13
BILL-00328,V-4052,2025-04-05,17,137.35,2334.95,2025-05-02
BILL-00329,V-4024,2025-04-05,1,1450.00,1450.00,2025-05-05
BILL-00330,V-4008,2025-04-07,22,635.17,13973.74,2025-05-19
BILL-00331,V-4021,2025-04-07,10,321.09,3210.90,2025-05-02
BILL-00332,V-4025,2025-04-07,17,94.59,1608.03,2025-04-30
BILL-00333,V-4026,2025-04-07,1,328.35,328.35,2025-05-19
BILL-00334,V-4042,2025-04-07,21,18.85,395.85,2025-05-12
BILL-00335,V-4043,2025-04-07,11,77.77,855.47,2025-05-05
BILL-00336,V-4047,2025-04-07,9,154.62,1391.58,
BILL-00337,V-4053,2025-04-07,9,40.40,363.60,2025-05-10
BILL-00338,V-4035,2025-04-08,21,28.62,601.02,2025-05-07
BILL-00339,V-4054,2025-04-08,14,35.28,493.92,2025-05-04
BILL-00340,V-4060,2025-04-08,7,53.04,371.28,2025-05-10
BILL-00341,V-4031,2025-04-09,19,59.39,1128.41,2025-05-07
BILL-00342,V-4032,2025-04-09,23,25.17,578.91,2025-05-06
BILL-00343,V-4055,2025-04-09,3,395.78,1187.34,2025-05-08
BILL-00344,V-4021,2025-04-10,16,126.04,2016.64,2025-05-15
BILL-00345,V-4049,2025-04-10,3,654.15,1962.45,2025-05-09
BILL-00346,V-4003,2025-04-11,4,3948.61,15794.44,2025-05-17
BILL-00347,V-4044,2025-04-11,24,80.16,1923.84,2025-05-25
BILL-00348,V-4045,2025-04-11,8,51.62,412.96,2025-04-29
BILL-00349,V-4004,2025-04-12,9,480.95,4328.55,
BILL-00350,V-4030,2025-04-12,6,37.04,222.24,2025-05-07
BILL-00351,V-4006,2025-04-13,8,2062.75,16502.00,2025-06-22
BILL-00352,V-4023,2025-04-13,24,19.30,463.20,
BILL-00353,V-4047,2025-04-13,25,92.79,2319.75,2025-05-13
BILL-00354,V-4021,2025-04-14,8,440.59,3524.72,2025-05-17
BILL-00355,V-4055,2025-04-14,19,51.72,982.68,2025-05-05
BILL-00356,V-4026,2025-04-15,11,28.16,309.76,2025-05-20
BILL-00357,V-4035,2025-04-15,5,57.34,286.70,2025-05-10
BILL-00358,V-4040,2025-04-15,16,76.42,1222.72,2025-05-19
BILL-00359,V-4049,2025-04-15,24,32.56,781.44,2025-05-17
BILL-00360,V-4054,2025-04-15,18,18.33,329.94,2025-05-11
BILL-00361,V-4014,2025-04-15,1,3210.40,3210.40,2025-06-14
BILL-00362,V-4021,2025-04-16,25,82.19,2054.75,2025-05-18
BILL-00363,V-4012,2025-04-17,1,13462.27,13462.27,2025-06-16
BILL-00364,V-4030,2025-04-17,22,17.52,385.44,2025-05-26
BILL-00365,V-4042,2025-04-17,23,17.91,411.93,2025-05-18
BILL-00366,V-4060,2025-04-17,17,22.87,388.79,2025-05-20
BILL-00367,V-4007,2025-04-18,8,1648.07,13184.56,2025-07-06
BILL-00368,V-4034,2025-04-18,10,192.25,1922.50,2025-05-21
BILL-00369,V-4039,2025-04-18,25,30.66,766.50,2025-05-18
BILL-00370,V-4047,2025-04-18,23,64.88,1492.24,2025-05-08
BILL-00371,V-4048,2025-04-18,22,13.53,297.66,
BILL-00372,V-4050,2025-04-19,3,452.93,1358.79,2025-05-26
BILL-00373,V-4056,2025-04-19,25,19.08,477.00,2025-05-20
BILL-00374,V-4021,2025-04-20,6,421.47,2528.82,2025-05-24
BILL-00375,V-4028,2025-04-20,5,448.65,2243.25,2025-05-11
BILL-00376,V-4029,2025-04-20,24,4.34,104.16,2025-05-14
BILL-00377,V-4032,2025-04-20,3,818.26,2454.78,2025-05-25
BILL-00378,V-4037,2025-04-20,10,252.08,2520.80,2025-05-21
BILL-00379,V-4045,2025-04-20,2,249.18,498.36,2025-05-15
BILL-00380,V-4021,2025-04-21,6,276.08,1656.48,2025-05-19
BILL-00381,V-4043,2025-04-21,20,76.18,1523.60,2025-05-26
BILL-00382,V-4048,2025-04-21,12,28.44,341.28,2025-05-20
BILL-00383,V-4049,2025-04-21,18,47.07,847.26,2025-05-21
BILL-00384,V-4031,2025-04-22,4,202.54,810.16,2025-05-23
BILL-00385,V-4052,2025-04-22,14,161.92,2266.88,2025-05-28
BILL-00386,V-4035,2025-04-23,13,28.67,372.71,2025-05-21
BILL-00387,V-4036,2025-04-23,16,144.49,2311.84,2025-05-15
BILL-00388,V-4037,2025-04-23,2,493.72,987.44,2025-05-19
BILL-00389,V-4015,2025-04-24,24,1041.38,24993.12,2025-12-21
BILL-00390,V-4030,2025-04-24,18,12.56,226.08,
BILL-00391,V-4053,2025-04-24,8,183.25,1466.00,2025-05-26
BILL-00392,V-4003,2025-04-25,11,1097.39,12071.29,2025-06-13
BILL-00393,V-4034,2025-04-25,11,86.25,948.75,2025-05-29
BILL-00394,V-4046,2025-04-25,6,395.33,2371.98,2025-05-17
BILL-00395,V-4011,2025-04-26,1,21670.32,21670.32,2025-06-26
BILL-00396,V-4050,2025-04-26,1,704.58,704.58,2025-05-25
BILL-00397,V-4060,2025-04-26,10,33.04,330.40,2025-05-30
BILL-00398,V-4040,2025-04-27,3,720.18,2160.54,2025-06-02
BILL-00399,V-4055,2025-04-27,12,137.19,1646.28,2025-05-24
BILL-00400,V-4004,2025-04-28,6,1908.16,11448.96,2025-06-01
BILL-00401,V-4025,2025-04-28,14,48.15,674.10,2025-06-03
BILL-00402,V-4027,2025-04-28,1,237.39,237.39,2025-05-23
BILL-00403,V-4038,2025-04-28,2,1145.38,2290.76,2025-05-28
BILL-00404,V-4042,2025-04-28,13,11.15,144.95,2025-05-28
BILL-00405,V-4046,2025-04-28,21,57.84,1214.64,2025-05-27
BILL-00406,V-4057,2025-04-28,2,611.40,1222.80,2025-05-29
BILL-00407,V-4022,2025-04-29,24,22.70,544.80,2025-05-18
BILL-00408,V-4029,2025-04-29,25,18.58,464.50,2025-05-28
BILL-00409,V-4032,2025-04-29,17,166.82,2835.94,2025-06-06
BILL-00410,V-4033,2025-04-29,12,36.81,441.72,2025-05-25
BILL-00411,V-4033,2025-04-29,15,79.13,1186.95,2025-05-29
BILL-00412,V-4034,2025-04-29,7,115.81,810.67,
BILL-00413,V-4011,2025-04-30,21,919.83,19316.43,2025-07-10
BILL-00414,V-4043,2025-04-30,21,53.94,1132.74,2025-06-05
BILL-00415,V-4045,2025-04-30,19,21.89,415.91,2025-06-04
BILL-00416,V-4054,2025-04-30,13,13.70,178.10,2025-06-03
BILL-00417,V-4057,2025-04-30,6,161.27,967.62,
BILL-00418,V-4060,2025-04-30,2,206.45,412.90,2025-06-03
BILL-00419,V-4022,2025-05-01,14,86.19,1206.66,2025-05-18
BILL-00420,V-4022,2025-05-01,25,63.39,1584.75,2025-05-21
BILL-00421,V-4023,2025-05-01,14,39.79,557.06,2025-05-30
BILL-00422,V-4023,2025-05-01,1,390.75,390.75,2025-05-27
BILL-00423,V-4049,2025-05-01,1,1927.06,1927.06,2025-05-30
BILL-00424,V-4050,2025-05-01,25,26.09,652.25,2025-05-26
BILL-00425,V-4057,2025-05-01,10,54.38,543.80,2025-05-28
BILL-00426,V-4018,2025-05-01,1,12500.00,12500.00,2025-07-30
BILL-00427,V-4038,2025-05-02,2,979.00,1958.00,2025-05-29
BILL-00428,V-4054,2025-05-02,15,12.86,192.90,2025-05-29
BILL-00429,V-4050,2025-05-03,25,99.38,2484.50,2025-06-06
BILL-00430,V-4022,2025-05-04,23,79.33,1824.59,2025-05-27
BILL-00431,V-4051,2025-05-04,4,365.29,1461.16,2025-06-03
BILL-00432,V-4024,2025-05-05,5,338.10,1690.50,2025-06-04
BILL-00433,V-4029,2025-05-05,3,191.82,575.46,2025-06-08
BILL-00434,V-4043,2025-05-05,21,72.51,1522.71,2025-06-05
BILL-00435,V-4046,2025-05-05,6,311.94,1871.64,2025-05-26
BILL-00436,V-4051,2025-05-05,14,142.83,1999.62,2025-05-27
BILL-00437,V-4024,2025-05-05,1,1450.00,1450.00,2025-06-04
BILL-00438,V-4034,2025-05-06,21,68.33,1434.93,2025-06-01
BILL-00439,V-4044,2025-05-06,21,98.03,2058.63,2025-06-04
BILL-00440,V-4041,2025-05-07,13,36.00,468.00,2025-06-17
BILL-00441,V-4059,2025-05-07,23,68.90,1584.70,2025-05-27
BILL-00442,V-4028,2025-05-08,10,236.86,2368.60,2025-06-06
BILL-00443,V-4046,2025-05-08,1,1639.43,1639.43,2025-06-04
BILL-00444,V-4022,2025-05-09,9,213.88,1924.92,2025-06-11
BILL-00445,V-4029,2025-05-09,9,53.07,477.63,
BILL-00446,V-4039,2025-05-09,17,104.50,1776.50,2025-06-10
BILL-00447,V-4043,2025-05-09,10,107.52,1075.20,2025-06-06
BILL-00448,V-4049,2025-05-09,24,107.66,2583.84,2025-06-07
BILL-00449,V-4057,2025-05-09,16,72.16,1154.56,2025-06-14
BILL-00450,V-4060,2025-05-09,20,21.62,432.40,2025-05-30
BILL-00451,V-4004,2025-05-10,23,364.88,8392.24,2025-07-02
BILL-00452,V-4022,2025-05-10,13,116.84,1518.92,2025-05-29
BILL-00453,V-4022,2025-05-10,15,95.33,1429.95,2025-06-07
BILL-00454,V-4028,2025-05-10,10,236.86,2368.60,2025-06-08
BILL-00455,V-4010,2025-05-12,24,195.97,4703.28,2025-07-09
BILL-00456,V-4049,2025-05-12,5,176.68,883.40,2025-06-10
BILL-00457,V-4029,2025-05-13,22,14.54,319.88,2025-06-08
BILL-00458,V-4051,2025-05-13,16,49.21,787.36,2025-06-13
BILL-00459,V-4035,2025-05-14,3,78.72,236.16,2025-05-28
BILL-00460,V-4038,2025-05-14,10,216.63,2166.30,2025-06-05
BILL-00461,V-4044,2025-05-14,16,67.88,1086.08,2025-06-12
BILL-00462,V-4047,2025-05-14,4,738.94,2955.76,2025-06-11
BILL-00463,V-4046,2025-05-15,25,63.62,1590.50,2025-06-13
BILL-00464,V-4059,2025-05-15,12,228.36,2740.32,2025-06-12
BILL-00465,V-4014,2025-05-15,1,3210.40,3210.40,2025-07-14
BILL-00466,V-4032,2025-05-16,14,151.31,2118.34,
BILL-00467,V-4036,2025-05-16,15,124.07,1861.05,2025-06-27
BILL-00468,V-4039,2025-05-16,6,425.96,2555.76,2025-06-11
BILL-00469,V-4021,2025-05-17,2,868.18,1736.36,2025-06-16
BILL-00470,V-4047,2025-05-17,17,53.23,904.91,2025-06-27
BILL-00471,V-4012,2025-05-18,6,1670.82,10024.92,2025-07-19
BILL-00472,V-4037,2025-05-18,11,182.15,2003.65,2025-06-07
BILL-00473,V-4055,2025-05-18,18,59.57,1072.26,2025-06-11
BILL-00474,V-4017,2025-05-19,24,320.34,7688.16,2025-07-18
BILL-00475,V-4044,2025-05-19,21,85.40,1793.40,2025-06-30
BILL-00476,V-4060,2025-05-20,12,35.82,429.84,
BILL-00477,V-4042,2025-05-21,1,618.55,618.55,2025-06-18
BILL-00478,V-4050,2025-05-21,6,309.62,1857.72,2025-06-30
BILL-00479,V-4059,2025-05-21,7,132.33,926.31,2025-06-23
BILL-00480,V-4012,2025-05-22,7,1389.02,9723.14,2025-07-04
BILL-00481,V-4042,2025-05-22,23,23.88,549.24,2025-06-24
BILL-00482,V-4045,2025-05-22,18,27.22,489.96,2025-06-15
BILL-00483,V-4052,2025-05-22,25,107.13,2678.25,2025-06-20
BILL-00484,V-4021,2025-05-23,15,139.37,2090.55,2025-06-17
BILL-00485,V-4039,2025-05-23,7,375.45,2628.15,2025-06-27
BILL-00486,V-4059,2025-05-23,11,162.65,1789.15,2025-06-11
BILL-00487,V-4031,2025-05-24,7,11.40,79.80,2025-06-20
BILL-00488,V-4040,2025-05-24,14,71.04,994.56,2025-06-23
BILL-00489,V-4056,2025-05-24,11,17.73,195.03,2025-06-18
BILL-00490,V-4038,2025-05-25,17,109.17,1855.89,2025-06-20
BILL-00491,V-4039,2025-05-25,21,84.83,1781.43,2025-07-05
BILL-00492,V-4045,2025-05-25,13,46.62,606.06,2025-06-16
BILL-00493,V-4058,2025-05-25,12,48.02,576.24,2025-06-26
BILL-00494,V-4019,2025-05-26,19,729.60,13862.40,2025-07-09
BILL-00495,V-4022,2025-05-26,23,70.31,1617.13,2025-06-15
BILL-00496,V-4023,2025-05-26,4,73.07,292.28,2025-07-02
BILL-00497,V-4023,2025-05-26,16,17.24,275.84,2025-06-28
BILL-00498,V-4037,2025-05-26,19,69.78,1325.82,2025-06-27
BILL-00499,V-4046,2025-05-26,17,112.35,1909.95,2025-06-15
BILL-00500,V-4056,2025-05-26,4,82.11,328.44,2025-06-22
BILL-00501,V-4043,2025-05-27,21,45.98,965.58,2025-06-09
BILL-00502,V-4049,2025-05-27,9,266.66,2399.94,2025-06-11
BILL-00503,V-4052,2025-05-27,19,110.88,2106.72,2025-06-26
BILL-00504,V-4058,2025-05-27,15,61.60,924.00,2025-06-20
BILL-00505,V-4020,2025-05-28,11,1622.21,17844.31,2025-07-12
BILL-00506,V-4021,2025-05-28,18,75.21,1353.78,2025-07-02
BILL-00507,V-4021,2025-05-28,9,146.03,1314.27,2025-06-11
BILL-00508,V-4029,2025-05-28,17,13.06,222.02,2025-06-25
BILL-00509,V-4039,2025-05-28,15,48.84,732.60,2025-07-09
BILL-00510,V-4044,2025-05-28,22,60.74,1336.28,2025-07-05
BILL-00511,V-4038,2025-05-29,16,137.94,2207.04,2025-06-23
BILL-00512,V-4046,2025-05-29,21,54.50,1144.50,2025-06-26
BILL-00513,V-4003,2025-05-30,22,480.45,10569.90,2025-07-06
BILL-00514,V-4035,2025-05-30,9,32.59,293.31,2025-06-29
BILL-00515,V-4058,2025-05-30,1,1388.96,1388.96,2025-06-17
BILL-00516,V-4058,2025-05-30,20,50.71,1014.20,2025-06-28
BILL-00517,V-4060,2025-05-30,18,22.22,399.96,2025-07-07
BILL-00518,V-4015,2025-05-31,12,1173.53,14082.36,2025-07-11
BILL-00519,V-4017,2025-05-31,9,2252.25,20270.25,2025-08-16
BILL-00520,V-4019,2025-05-31,9,3212.60,28913.40,2025-07-16
BILL-00521,V-4029,2025-05-31,11,42.94,472.34,2025-06-27
BILL-00522,V-4031,2025-05-31,7,226.76,1587.32,2025-07-09
BILL-00523,V-4053,2025-05-31,1,1234.10,1234.10,2025-06-29
BILL-00524,V-4056,2025-05-31,22,19.98,439.56,2025-06-18
BILL-00525,V-4029,2025-06-01,4,92.68,370.72,2025-06-27
BILL-00526,V-4057,2025-06-01,1,1056.32,1056.32,2025-06-27
BILL-00527,V-4018,2025-06-01,1,12500.00,12500.00,2025-08-30
BILL-00528,V-4027,2025-06-02,13,33.07,429.91,2025-06-23
BILL-00529,V-4054,2025-06-02,3,49.58,148.74,2025-07-02
BILL-00530,V-4024,2025-06-03,22,77.27,1699.94,2025-07-04
BILL-00531,V-4023,2025-06-04,13,30.36,394.68,2025-06-26
BILL-00532,V-4025,2025-06-04,17,48.94,831.98,2025-07-01
BILL-00533,V-4032,2025-06-04,18,123.10,2215.80,2025-07-05
BILL-00534,V-4039,2025-06-04,3,945.09,2835.27,2025-07-04
BILL-00535,V-4041,2025-06-04,21,12.31,258.51,2025-07-04
BILL-00536,V-4058,2025-06-04,22,42.29,930.38,2025-07-09
BILL-00537,V-4034,2025-06-05,16,39.26,628.16,2025-07-11
BILL-00538,V-4057,2025-06-05,24,60.81,1459.44,2025-07-06
BILL-00539,V-4058,2025-06-05,23,38.35,882.05,2025-06-25
BILL-00540,V-4024,2025-06-05,1,1450.00,1450.00,2025-07-05
BILL-00541,V-4020,2025-06-06,1,28966.94,28966.94,2025-07-08
BILL-00542,V-4026,2025-06-06,15,30.01,450.15,2025-06-29
BILL-00543,V-4060,2025-06-06,24,30.56,733.44,2025-06-23
BILL-00544,V-4018,2025-06-07,10,1438.08,14380.80,2025-09-16
BILL-00545,V-4022,2025-06-07,18,47.68,858.24,2025-06-24
BILL-00546,V-4037,2025-06-07,23,93.47,2149.81,2025-06-28
BILL-00547,V-4052,2025-06-07,13,202.20,2628.60,2025-07-10
BILL-00548,V-4039,2025-06-08,18,124.40,2239.20,2025-07-08
BILL-00549,V-4043,2025-06-08,18,53.37,960.66,2025-06-20
BILL-00550,V-4058,2025-06-08,19,46.06,875.14,
BILL-00551,V-4032,2025-06-09,24,128.27,3078.48,
BILL-00552,V-4039,2025-06-09,3,864.64,2593.92,2025-07-12
BILL-00553,V-4053,2025-06-09,15,102.07,1531.05,2025-06-29
BILL-00554,V-4054,2025-06-09,6,79.93,479.58,2025-07-16
BILL-00555,V-4056,2025-06-10,13,17.98,233.74,2025-07-07
BILL-00556,V-4043,2025-06-11,20,83.66,1673.20,
BILL-00557,V-4045,2025-06-11,7,68.15,477.05,2025-07-10
BILL-00558,V-4056,2025-06-11,12,46.19,554.28,2025-06-28
BILL-00559,V-4032,2025-06-12,2,100.28,200.56,2025-07-07
BILL-00560,V-4032,2025-06-12,14,126.22,1767.08,2025-07-08
BILL-00561,V-4045,2025-06-12,10,27.85,278.50,2025-06-22
BILL-00562,V-4049,2025-06-12,25,56.58,1414.50,2025-07-01
BILL-00563,V-4014,2025-06-13,25,600.12,15003.00,2025-08-12
BILL-00564,V-4022,2025-06-13,13,130.99,1702.87,2025-06-28
BILL-00565,V-4031,2025-06-13,20,120.12,2402.40,2025-07-11
BILL-00566,V-4047,2025-06-13,25,40.53,1013.25,2025-07-11
BILL-00567,V-4058,2025-06-13,4,365.72,1462.88,2025-07-01
BILL-00568,V-4024,2025-06-14,18,60.84,1095.12,2025-07-11
BILL-00569,V-4037,2025-06-14,19,154.41,2933.79,2025-07-14
BILL-00570,V-4048,2025-06-15,15,31.59,473.85,
BILL-00571,V-4056,2025-06-15,5,101.83,509.15,2025-07-14
BILL-00572,V-4058,2025-06-15,24,52.20,1252.80,2025-07-09
BILL-00573,V-4059,2025-06-15,13,136.72,1777.36,2025-06-26
BILL-00574,V-4060,2025-06-15,8,92.36,738.88,2025-07-15
BILL-00575,V-4014,2025-06-15,1,3210.40,3210.40,2025-08-14
BILL-00576,V-4004,2025-06-16,6,2559.34,15356.04,2025-08-11
BILL-00577,V-4021,2025-06-16,8,227.65,1821.20,2025-07-18
BILL-00578,V-4027,2025-06-16,10,52.42,524.20,2025-07-02
BILL-00579,V-4047,2025-06-16,1,1188.50,1188.50,2025-07-16
BILL-00580,V-4034,2025-06-17,11,77.72,854.92,2025-07-12
BILL-00581,V-4037,2025-06-17,21,181.76,3816.96,2025-07-11
BILL-00582,V-4048,2025-06-17,16,37.78,604.48,
BILL-00583,V-4050,2025-06-17,7,259.08,1813.56,2025-07-19
BILL-00584,V-4057,2025-06-17,16,44.99,719.84,2025-07-19
BILL-00585,V-4006,2025-06-18,22,502.49,11054.78,2025-08-26
BILL-00586,V-4035,2025-06-18,21,12.79,268.59,2025-07-15
BILL-00587,V-4052,2025-06-19,17,123.41,2097.97,2025-07-22
BILL-00588,V-4022,2025-06-20,6,237.94,1427.64,2025-07-13
BILL-00589,V-4033,2025-06-20,5,203.43,1017.15,2025-07-16
BILL-00590,V-4054,2025-06-20,2,291.64,583.28,2025-07-14
BILL-00591,V-4055,2025-06-20,5,282.44,1412.20,2025-07-08
BILL-00592,V-4055,2025-06-20,14,99.68,1395.52,2025-07-13
BILL-00593,V-4017,2025-06-22,16,892.22,14275.52,2025-08-05
BILL-00594,V-4026,2025-06-22,11,51.38,565.18,2025-07-12
BILL-00595,V-4030,2025-06-22,14,27.71,387.94,2025-07-17
BILL-00596,V-4030,2025-06-22,18,32.28,581.04,2025-07-30
BILL-00597,V-4040,2025-06-22,20,69.54,1390.80,2025-07-27
BILL-00598,V-4047,2025-06-22,12,153.96,1847.52,2025-07-18
BILL-00599,V-4047,2025-06-22,1,1188.50,1188.50,2025-07-22
BILL-00600,V-4002,2025-06-23,2,9808.91,19617.82,2025-08-25
BILL-00601,V-4053,2025-06-23,18,49.01,882.18,2025-07-30
BILL-00602,V-4039,2025-06-24,3,393.13,1179.39,2025-07-20
BILL-00603,V-4043,2025-06-25,10,109.18,1091.80,2025-07-31
BILL-00604,V-4054,2025-06-25,14,32.67,457.38,2025-07-25
BILL-00605,V-4004,2025-06-26,20,520.92,10418.40,2025-08-01
BILL-00606,V-4008,2025-06-26,25,1203.09,30077.25,2025-08-12
BILL-00607,V-4029,2025-06-26,19,27.63,524.97,2025-07-23
BILL-00608,V-4038,2025-06-26,12,200.76,2409.12,2025-07-28
BILL-00609,V-4053,2025-06-26,12,79.76,957.12,2025-07-30
BILL-00610,V-4023,2025-06-27,2,240.98,481.96,2025-08-01
BILL-00611,V-4030,2025-06-27,2,294.89,589.78,2025-08-01
BILL-00612,V-4035,2025-06-27,9,34.57,311.13,2025-07-25
BILL-00613,V-4046,2025-06-27,5,494.26,2471.30,2025-07-17
BILL-00614,V-4049,2025-06-27,19,140.57,2670.83,2025-07-19
BILL-00615,V-4032,2025-06-28,20,141.03,2820.60,2025-08-05
BILL-00616,V-4034,2025-06-28,15,84.16,1262.40,2025-07-30
BILL-00617,V-4036,2025-06-28,17,160.93,2735.81,2025-07-30
BILL-00618,V-4031,2025-06-29,17,42.48,722.16,2025-07-29
BILL-00619,V-4035,2025-06-29,10,31.99,319.90,2025-07-16
BILL-00620,V-4056,2025-06-29,17,29.69,504.73,2025-07-27
BILL-00621,V-4057,2025-06-29,18,67.53,1215.54,
BILL-00622,V-4034,2025-06-30,1,965.81,965.81,
BILL-00623,V-4047,2025-06-30,17,127.58,2168.86,2025-07-30
BILL-00624,V-4023,2025-07-01,21,10.18,213.78,2025-08-07
BILL-00625,V-4036,2025-07-01,21,88.48,1858.08,2025-08-04
BILL-00626,V-4052,2025-07-01,11,89.66,986.26,2025-08-10
BILL-00627,V-4057,2025-07-01,23,67.09,1543.07,2025-08-01
BILL-00628,V-4018,2025-07-01,1,12500.00,12500.00,2025-09-29
BILL-00629,V-4012,2025-07-02,25,490.50,12262.50,2025-09-09
BILL-00630,V-4029,2025-07-02,23,22.80,524.40,2025-08-02
BILL-00631,V-4054,2025-07-02,21,25.17,528.57,2025-08-12
BILL-00632,V-4036,2025-07-02,21,88.48,1858.08,2025-08-05
BILL-00633,V-4016,2025-07-03,11,770.66,8477.26,2025-09-03
BILL-00634,V-4041,2025-07-03,3,168.40,505.20,2025-08-04
BILL-00635,V-4046,2025-07-03,9,233.99,2105.91,2025-07-31
BILL-00636,V-4048,2025-07-04,1,479.29,479.29,2025-07-28
BILL-00637,V-4036,2025-07-05,17,139.74,2375.58,2025-07-30
BILL-00638,V-4024,2025-07-05,1,1450.00,1450.00,2025-08-04
BILL-00639,V-4004,2025-07-06,7,2104.98,14734.86,2025-08-25
BILL-00640,V-4018,2025-07-07,16,1070.36,17125.76,2025-10-05
BILL-00641,V-4050,2025-07-07,24,95.57,2293.68,2025-08-12
BILL-00642,V-4009,2025-07-08,14,379.19,5308.66,2025-08-18
BILL-00643,V-4026,2025-07-08,1,412.17,412.17,2025-08-05
BILL-00644,V-4032,2025-07-08,2,1416.81,2833.62,
BILL-00645,V-4055,2025-07-08,9,223.71,2013.39,2025-08-07
BILL-00646,V-4037,2025-07-09,1,1827.99,1827.99,2025-07-29
BILL-00647,V-4003,2025-07-10,1,6753.59,6753.59,2025-08-10
BILL-00648,V-4008,2025-07-10,24,1150.92,27622.08,2025-08-24
BILL-00649,V-4025,2025-07-10,23,78.20,1798.60,2025-08-09
BILL-00650,V-4046,2025-07-10,25,102.76,2569.00,2025-08-04
BILL-00651,V-4005,2025-07-12,21,1138.50,23908.50,2025-10-18
BILL-00652,V-4029,2025-07-12,2,320.23,640.46,2025-08-07
BILL-00653,V-4032,2025-07-12,5,10.00,50.00,2025-08-18
BILL-00654,V-4024,2025-07-14,3,607.11,1821.33,2025-08-14
BILL-00655,V-4032,2025-07-14,13,136.81,1778.53,2025-08-18
BILL-00656,V-4051,2025-07-14,17,79.79,1356.43,2025-08-01
BILL-00657,V-4056,2025-07-14,11,33.90,372.90,2025-08-14
BILL-00658,V-4058,2025-07-14,20,62.92,1258.40,2025-08-13
BILL-00659,V-4060,2025-07-14,13,20.38,264.94,2025-08-15
BILL-00660,V-4026,2025-07-15,18,7.93,142.74,2025-08-14
BILL-00661,V-4055,2025-07-15,18,69.48,1250.64,2025-08-05
BILL-00662,V-4014,2025-07-15,1,3210.40,3210.40,2025-09-13
BILL-00663,V-4033,2025-07-16,12,111.51,1338.12,2025-08-14
BILL-00664,V-4056,2025-07-16,25,18.10,452.50,2025-08-19
BILL-00665,V-4058,2025-07-16,1,887.29,887.29,2025-08-08
BILL-00666,V-4027,2025-07-17,11,33.52,368.72,2025-08-17
BILL-00667,V-4030,2025-07-17,1,380.26,380.26,2025-08-19
BILL-00668,V-4057,2025-07-17,9,142.20,1279.80,2025-08-23
BILL-00669,V-4029,2025-07-18,6,73.42,440.52,2025-08-17
BILL-00670,V-4050,2025-07-18,24,66.02,1584.48,2025-08-17
BILL-00671,V-4014,2025-07-19,5,3158.82,15794.10,
BILL-00672,V-4025,2025-07-19,5,283.98,1419.90,2025-08-18
BILL-00673,V-4029,2025-07-19,8,74.83,598.64,2025-08-19
BILL-00674,V-4044,2025-07-19,12,155.50,1866.00,2025-08-27
BILL-00675,V-4039,2025-07-20,15,182.44,2736.60,2025-08-03
BILL-00676,V-4044,2025-07-20,7,259.62,1817.34,2025-08-11
BILL-00677,V-4048,2025-07-20,7,60.29,422.03,2025-08-23
BILL-00678,V-4048,2025-07-20,18,15.30,275.40,2025-08-22
BILL-00679,V-4044,2025-07-21,18,83.92,1510.56,2025-08-31
BILL-00680,V-4052,2025-07-21,5,414.15,2070.75,2025-08-20
BILL-00681,V-4041,2025-07-22,17,26.37,448.29,2025-08-31
BILL-00682,V-4042,2025-07-22,10,54.74,547.40,
BILL-00683,V-4051,2025-07-22,6,258.87,1553.22,2025-08-25
BILL-00684,V-4033,2025-07-23,5,198.51,992.55,2025-08-22
BILL-00685,V-4036,2025-07-23,5,519.79,2598.95,2025-08-22
BILL-00686,V-4048,2025-07-23,24,23.44,562.56,2025-08-21
BILL-00687,V-4045,2025-07-24,15,34.22,513.30,2025-08-23
BILL-00688,V-4053,2025-07-24,20,52.19,1043.80,2025-09-01
BILL-00689,V-4060,2025-07-24,3,45.51,136.53,2025-08-22
BILL-00690,V-4028,2025-07-25,10,266.04,2660.40,2025-08-29
BILL-00691,V-4001,2025-07-26,2,9512.37,19024.74,2025-10-17
BILL-00692,V-4007,2025-07-27,8,3348.39,26787.12,2025-10-07
BILL-00693,V-4008,2025-07-27,12,1023.01,12276.12,
BILL-00694,V-4025,2025-07-28,17,45.67,776.39,
BILL-00695,V-4026,2025-07-28,18,28.57,514.26,2025-08-27
BILL-00696,V-4032,2025-07-28,23,49.93,1148.39,2025-09-05
BILL-00697,V-4060,2025-07-28,21,30.62,643.02,2025-08-27
BILL-00698,V-4010,2025-07-29,25,434.54,10863.50,2025-10-09
BILL-00699,V-4022,2025-07-30,25,55.78,1394.50,
BILL-00700,V-4026,2025-07-30,15,29.93,448.95,2025-08-14
BILL-00701,V-4034,2025-07-30,23,62.64,1440.72,2025-09-13
BILL-00702,V-4058,2025-07-30,17,90.64,1540.88,2025-08-25
BILL-00703,V-4023,2025-07-31,25,8.51,212.75,
BILL-00704,V-4031,2025-07-31,14,62.15,870.10,2025-08-29
BILL-00705,V-4032,2025-08-01,6,294.35,1766.10,2025-09-03
BILL-00706,V-4038,2025-08-01,7,356.18,2493.26,2025-08-20
BILL-00707,V-4045,2025-08-01,2,317.50,635.00,2025-08-23
BILL-00708,V-4048,2025-08-01,3,123.06,369.18,2025-09-04
BILL-00709,V-4018,2025-08-01,1,12500.00,12500.00,2025-10-30
BILL-00710,V-4002,2025-08-02,21,834.50,17524.50,
BILL-00711,V-4027,2025-08-02,7,38.06,266.42,2025-08-23
BILL-00712,V-4033,2025-08-02,12,119.78,1437.36,2025-09-16
BILL-00713,V-4036,2025-08-02,10,178.51,1785.10,
BILL-00714,V-4036,2025-08-02,8,203.72,1629.76,2025-08-27
BILL-00715,V-4041,2025-08-02,14,23.44,328.16,2025-09-01
BILL-00716,V-4045,2025-08-02,1,137.84,137.84,2025-09-05
BILL-00717,V-4037,2025-08-03,16,140.34,2245.44,2025-08-24
BILL-00718,V-4049,2025-08-03,7,240.64,1684.48,2025-09-02
BILL-00719,V-4054,2025-08-03,2,195.61,391.22,2025-09-10
BILL-00720,V-4033,2025-08-04,21,36.15,759.15,2025-09-14
BILL-00721,V-4048,2025-08-04,2,54.27,108.54,2025-09-08
BILL-00722,V-4054,2025-08-04,13,23.32,303.16,
BILL-00723,V-4054,2025-08-04,13,39.62,515.06,2025-09-09
BILL-00724,V-4040,2025-08-05,18,171.95,3095.10,2025-08-27
BILL-00725,V-4024,2025-08-05,1,1450.00,1450.00,2025-09-04
BILL-00726,V-4049,2025-08-06,6,376.20,2257.20,
BILL-00727,V-4030,2025-08-07,18,18.42,331.56,2025-09-09
BILL-00728,V-4035,2025-08-07,15,33.32,499.80,2025-08-23
BILL-00729,V-4039,2025-08-07,5,11.22,56.10,2025-08-24
BILL-00730,V-4055,2025-08-07,25,69.56,1739.00,2025-08-22
BILL-00731,V-4060,2025-08-07,22,10.67,234.74,2025-09-10
BILL-00732,V-4060,2025-08-08,1,441.17,441.17,2025-09-17
BILL-00733,V-4030,2025-08-09,6,68.13,408.78,2025-09-14
BILL-00734,V-4038,2025-08-09,14,138.22,1935.08,2025-09-05
BILL-00735,V-4038,2025-08-09,23,37.49,862.27,2025-09-02
BILL-00736,V-4046,2025-08-09,12,229.14,2749.68,2025-09-07
BILL-00737,V-4048,2025-08-09,14,9.23,129.22,
BILL-00738,V-4011,2025-08-10,7,3278.38,22948.66,2025-10-03
BILL-00739,V-4050,2025-08-10,10,141.84,1418.40,2025-09-20
BILL-00740,V-4055,2025-08-10,15,83.45,1251.75,2025-08-29
BILL-00741,V-4017,2025-08-11,13,852.87,11087.31,2025-10-08
BILL-00742,V-4028,2025-08-11,6,373.49,2240.94,2025-09-08
BILL-00743,V-4034,2025-08-11,15,71.41,1071.15,2025-09-14
BILL-00744,V-4039,2025-08-11,7,268.69,1880.83,2025-09-07
BILL-00745,V-4044,2025-08-11,5,143.04,715.20,2025-09-14
BILL-00746,V-4056,2025-08-11,7,47.16,330.12,2025-09-03
BILL-00747,V-4042,2025-08-12,13,30.20,392.60,2025-09-13
BILL-00748,V-4050,2025-08-12,13,116.22,1510.86,2025-09-14
BILL-00749,V-4006,2025-08-13,22,425.46,9360.12,2025-10-18
BILL-00750,V-4055,2025-08-13,8,47.63,381.04,2025-09-05
BILL-00751,V-4058,2025-08-14,3,479.41,1438.23,2025-09-06
BILL-00752,V-4040,2025-08-15,21,75.83,1592.43,2025-09-09
BILL-00753,V-4049,2025-08-15,3,420.76,1262.28,2025-08-29
BILL-00754,V-4056,2025-08-15,7,30.53,213.71,2025-09-15
BILL-00755,V-4014,2025-08-15,1,3210.40,3210.40,2025-10-14
BILL-00756,V-4047,2025-08-16,25,52.10,1302.50,2025-09-12
BILL-00757,V-4016,2025-08-17,13,807.17,10493.21,2025-11-03
BILL-00758,V-4041,2025-08-17,4,147.04,588.16,2025-09-14
BILL-00759,V-4048,2025-08-17,12,28.38,340.56,2025-09-16
BILL-00760,V-4007,2025-08-18,25,709.21,17730.25,2025-11-02
BILL-00761,V-4018,2025-08-18,7,2422.51,16957.57,2025-12-07
BILL-00762,V-4022,2025-08-18,8,386.33,3090.64,2025-09-11
BILL-00763,V-4036,2025-08-18,3,232.63,697.89,2025-09-17
BILL-00764,V-4021,2025-08-19,12,161.14,1933.68,2025-09-18
BILL-00765,V-4031,2025-08-19,11,127.61,1403.71,2025-09-23
BILL-00766,V-4032,2025-08-19,7,479.38,3355.66,2025-09-23
BILL-00767,V-4032,2025-08-19,4,565.24,2260.96,2025-09-20
BILL-00768,V-4033,2025-08-19,7,203.64,1425.48,2025-09-13
BILL-00769,V-4036,2025-08-19,14,160.05,2240.70,2025-09-07
BILL-00770,V-4048,2025-08-19,17,19.57,332.69,2025-09-13
BILL-00771,V-4036,2025-08-20,16,85.97,1375.52,2025-10-12
BILL-00772,V-4013,2025-08-21,14,1238.59,17340.26,2025-09-26
BILL-00773,V-4035,2025-08-21,8,60.53,484.24,2025-09-09
BILL-00774,V-4044,2025-08-21,24,107.88,2589.12,2025-10-03
BILL-00775,V-4045,2025-08-22,5,90.53,452.65,2025-09-20
BILL-00776,V-4021,2025-08-23,16,94.96,1519.36,2025-10-01
BILL-00777,V-4035,2025-08-23,18,22.78,410.04,2025-09-17
BILL-00778,V-4035,2025-08-23,8,49.37,394.96,2025-09-20
BILL-00779,V-4056,2025-08-23,24,11.89,285.36,2025-09-22
BILL-00780,V-4001,2025-08-24,12,1725.19,20702.28,2025-10-23
BILL-00781,V-4005,2025-08-24,4,3798.28,15193.12,2025-11-29
BILL-00782,V-4008,2025-08-24,4,2921.92,11687.68,
BILL-00783,V-4042,2025-08-24,13,19.53,253.89,2025-09-23
BILL-00784,V-4044,2025-08-24,12,125.32,1503.84,2025-09-20
BILL-00785,V-4045,2025-08-24,15,28.81,432.15,2025-09-24
BILL-00786,V-4053,2025-08-24,5,280.93,1404.65,2025-09-22
BILL-00787,V-4048,2025-08-25,22,28.67,630.74,2025-09-23
BILL-00788,V-4001,2025-08-26,6,5492.62,32955.72,2025-10-11
BILL-00789,V-4025,2025-08-26,14,136.76,1914.64,2025-09-16
BILL-00790,V-4036,2025-08-26,11,296.73,3264.03,2025-09-26
BILL-00791,V-4050,2025-08-26,17,86.93,1477.81,2025-09-25
BILL-00792,V-4055,2025-08-26,11,170.71,1877.81,2025-09-23
BILL-00793,V-4058,2025-08-26,9,110.13,991.17,2025-09-30
BILL-00794,V-4001,2025-08-27,22,1146.87,25231.14,2025-11-06
BILL-00795,V-4029,2025-08-27,19,24.11,458.09,2025-09-25
BILL-00796,V-4046,2025-08-27,23,51.23,1178.29,2025-09-21
BILL-00797,V-4053,2025-08-27,3,308.25,924.75,2025-09-17
BILL-00798,V-4056,2025-08-27,17,26.17,444.89,2025-10-02
BILL-00799,V-4057,2025-08-27,25,30.14,753.50,2025-09-26
BILL-00800,V-4060,2025-08-27,9,8.53,76.77,2025-09-21
BILL-00801,V-4017,2025-08-29,25,317.81,7945.25,2025-10-26
BILL-00802,V-4021,2025-08-29,14,116.05,1624.70,2025-09-30
BILL-00803,V-4058,2025-08-29,8,166.15,1329.20,2025-10-04
BILL-00804,V-4055,2025-08-29,11,170.71,1877.81,2025-09-26
BILL-00805,V-4008,2025-08-30,23,1411.17,32456.91,2025-10-22
BILL-00806,V-4016,2025-08-30,21,593.94,12472.74,2025-10-09
BILL-00807,V-4058,2025-08-30,25,34.66,866.50,2025-10-11
BILL-00808,V-4025,2025-08-31,10,139.63,1396.30,2025-10-01
BILL-00809,V-4023,2025-09-01,22,16.90,371.80,2025-10-03
BILL-00810,V-4027,2025-09-01,21,27.39,575.19,2025-09-24
BILL-00811,V-4028,2025-09-01,14,122.91,1720.74,2025-10-08
BILL-00812,V-4038,2025-09-01,10,284.33,2843.30,2025-09-21
BILL-00813,V-4047,2025-09-01,10,202.15,2021.50,2025-10-05
BILL-00814,V-4051,2025-09-01,19,72.31,1373.89,2025-09-25
BILL-00815,V-4018,2025-09-01,1,12500.00,12500.00,2025-11-30
BILL-00816,V-4019,2025-09-02,25,586.87,14671.75,2025-10-04
BILL-00817,V-4028,2025-09-02,22,98.04,2156.88,2025-09-29
BILL-00818,V-4055,2025-09-02,6,158.74,952.44,2025-10-04
BILL-00819,V-4012,2025-09-03,2,4149.03,8298.06,2025-10-31
BILL-00820,V-4034,2025-09-03,9,237.08,2133.72,2025-10-11
BILL-00821,V-4039,2025-09-03,16,100.80,1612.80,2025-10-09
BILL-00822,V-4046,2025-09-03,3,616.16,1848.48,2025-09-28
BILL-00823,V-4008,2025-09-04,2,9428.76,18857.52,2025-10-28
BILL-00824,V-4028,2025-09-04,22,128.18,2819.96,2025-10-04
BILL-00825,V-4054,2025-09-04,23,9.10,209.30,2025-09-28
BILL-00826,V-4027,2025-09-05,15,17.76,266.40,2025-09-30
BILL-00827,V-4024,2025-09-05,1,1450.00,1450.00,2025-10-05
BILL-00828,V-4017,2025-09-06,9,995.03,8955.27,2025-11-17
BILL-00829,V-4022,2025-09-06,2,746.12,1492.24,2025-10-05
BILL-00830,V-4026,2025-09-06,11,23.92,263.12,
BILL-00831,V-4041,2025-09-06,20,27.18,543.60,2025-10-11
BILL-00832,V-4044,2025-09-06,23,118.85,2733.55,2025-10-05
BILL-00833,V-4055,2025-09-06,15,54.86,822.90,2025-09-27
BILL-00834,V-4013,2025-09-07,15,1627.98,24419.70,2025-10-15
BILL-00835,V-4026,2025-09-07,3,132.04,396.12,2025-09-30
BILL-00836,V-4033,2025-09-07,15,97.40,1461.00,2025-10-03
BILL-00837,V-4043,2025-09-07,21,34.71,728.91,2025-09-27
BILL-00838,V-4014,2025-09-08,7,2193.39,15353.73,2025-11-13
BILL-00839,V-4006,2025-09-09,19,893.75,16981.25,2025-11-16
BILL-00840,V-4021,2025-09-09,16,108.56,1736.96,2025-10-04
BILL-00841,V-4027,2025-09-09,16,9.36,149.76,2025-10-07
BILL-00842,V-4052,2025-09-09,25,102.61,2565.25,2025-10-14
BILL-00843,V-4027,2025-09-10,3,153.36,460.08,
BILL-00844,V-4036,2025-09-10,9,261.69,2355.21,2025-10-03
BILL-00845,V-4056,2025-09-10,20,14.77,295.40,2025-10-09
BILL-00846,V-4025,2025-09-11,22,40.30,886.60,2025-10-14
BILL-00847,V-4035,2025-09-11,12,31.63,379.56,2025-10-01
BILL-00848,V-4053,2025-09-11,2,889.93,1779.86,2025-10-07
BILL-00849,V-4005,2025-09-12,8,2872.51,22980.08,2025-11-29
BILL-00850,V-4016,2025-09-13,6,1478.39,8870.34,2025-10-31
BILL-00851,V-4040,2025-09-13,1,2773.92,2773.92,2025-10-12
BILL-00852,V-4042,2025-09-13,4,103.34,413.36,2025-10-13
BILL-00853,V-4044,2025-09-13,21,73.05,1534.05,2025-10-16
BILL-00854,V-4039,2025-09-14,5,501.24,2506.20,2025-10-13
BILL-00855,V-4006,2025-09-15,23,786.89,18098.47,2025-11-15
BILL-00856,V-4014,2025-09-15,1,3210.40,3210.40,2025-11-14
BILL-00857,V-4013,2025-09-16,23,739.31,17004.13,2025-11-14
BILL-00858,V-4024,2025-09-16,18,81.85,1473.30,2025-10-16
BILL-00859,V-4034,2025-09-16,1,1161.77,1161.77,2025-10-19
BILL-00860,V-4059,2025-09-16,2,1129.18,2258.36,2025-10-04
BILL-00861,V-4059,2025-09-16,6,398.49,2390.94,2025-10-04
BILL-00862,V-4012,2025-09-17,15,616.26,9243.90,2025-11-08
BILL-00863,V-4043,2025-09-17,19,10.06,191.14,2025-10-27
BILL-00864,V-4046,2025-09-17,22,81.21,1786.62,2025-10-15
BILL-00865,V-4049,2025-09-17,23,74.16,1705.68,2025-10-17
BILL-00866,V-4058,2025-09-17,5,197.40,987.00,2025-10-10
BILL-00867,V-4035,2025-09-19,8,39.67,317.36,2025-10-19
BILL-00868,V-4048,2025-09-19,7,54.35,380.45,2025-10-19
BILL-00869,V-4002,2025-09-20,14,1551.65,21723.10,2025-12-03
BILL-00870,V-4005,2025-09-20,8,1812.70,14501.60,2025-12-14
BILL-00871,V-4033,2025-09-20,19,74.73,1419.87,2025-10-10
BILL-00872,V-4025,2025-09-22,20,55.53,1110.60,2025-10-23
BILL-00873,V-4026,2025-09-22,8,68.15,545.20,2025-10-23
BILL-00874,V-4033,2025-09-22,24,33.68,808.32,2025-10-12
BILL-00875,V-4039,2025-09-22,20,73.82,1476.40,2025-10-21
BILL-00876,V-4053,2025-09-22,15,54.20,813.00,2025-10-20
BILL-00877,V-4014,2025-09-23,20,1056.66,21133.20,2025-11-28
BILL-00878,V-4024,2025-09-23,24,55.05,1321.20,2025-10-30
BILL-00879,V-4025,2025-09-23,25,36.67,916.75,2025-10-26
BILL-00880,V-4043,2025-09-24,1,1068.03,1068.03,2025-10-21
BILL-00881,V-4051,2025-09-24,16,121.33,1941.28,2025-10-27
BILL-00882,V-4053,2025-09-24,7,176.68,1236.76,2025-10-22
BILL-00883,V-4055,2025-09-24,13,36.95,480.35,2025-10-20
BILL-00884,V-4023,2025-09-25,2,233.44,466.88,2025-10-20
BILL-00885,V-4024,2025-09-25,10,102.79,1027.90,2026-03-21
BILL-00886,V-4028,2025-09-25,13,127.75,1660.75,2025-10-21
BILL-00887,V-4047,2025-09-25,23,43.73,1005.79,2025-10-21
BILL-00888,V-4056,2025-09-25,13,23.92,310.96,2025-10-15
BILL-00889,V-4021,2025-09-26,8,324.56,2596.48,2025-10-30
BILL-00890,V-4024,2025-09-26,12,106.44,1277.28,2025-10-10
BILL-00891,V-4025,2025-09-26,14,128.39,1797.46,2025-10-23
BILL-00892,V-4030,2025-09-26,7,82.03,574.21,2025-10-30
BILL-00893,V-4005,2025-09-27,22,1352.77,29760.94,2025-12-23
BILL-00894,V-4055,2025-09-27,6,43.25,259.50,2025-10-23
BILL-00895,V-4060,2025-09-27,2,246.25,492.50,2025-10-23
BILL-00896,V-4023,2025-09-28,17,17.72,301.24,2025-10-21
BILL-00897,V-4034,2025-09-28,15,91.99,1379.85,2025-10-25
BILL-00898,V-4047,2025-09-28,16,88.85,1421.60,2025-11-02
BILL-00899,V-4007,2025-09-29,5,2336.72,11683.60,2025-11-30
BILL-00900,V-4021,2025-09-29,12,194.22,2330.64,2025-11-03
BILL-00901,V-4038,2025-09-29,3,494.92,1484.76,2025-10-28
BILL-00902,V-4042,2025-09-29,14,38.56,539.84,2025-10-27
BILL-00903,V-4051,2025-09-29,13,153.39,1994.07,2025-10-12
BILL-00904,V-4009,2025-09-30,5,2185.08,10925.40,2025-11-21
BILL-00905,V-4029,2025-09-30,4,39.10,156.40,2025-10-23
BILL-00906,V-4021,2025-10-01,7,309.06,2163.42,2025-11-11
BILL-00907,V-4032,2025-10-01,5,376.10,1880.50,2025-11-03
BILL-00908,V-4018,2025-10-01,1,12500.00,12500.00,2025-12-30
BILL-00909,V-4009,2025-10-02,23,493.11,11341.53,2025-10-28
BILL-00910,V-4032,2025-10-03,11,207.95,2287.45,2025-10-30
BILL-00911,V-4043,2025-10-03,3,180.00,540.00,2025-11-05
BILL-00912,V-4013,2025-10-04,24,433.02,10392.48,2025-11-23
BILL-00913,V-4023,2025-10-04,13,39.99,519.87,
BILL-00914,V-4028,2025-10-04,20,70.57,1411.40,2025-11-03
BILL-00915,V-4031,2025-10-04,17,113.08,1922.36,2025-11-04
BILL-00916,V-4044,2025-10-04,19,99.51,1890.69,2025-11-05
BILL-00917,V-4049,2025-10-04,8,195.52,1564.16,2025-10-25
BILL-00918,V-4048,2025-10-05,24,15.14,363.36,2025-11-11
BILL-00919,V-4049,2025-10-05,25,81.93,2048.25,2025-10-21
BILL-00920,V-4024,2025-10-05,1,1450.00,1450.00,2025-11-04
BILL-00921,V-4031,2025-10-06,5,393.62,1968.10,2025-10-26
BILL-00922,V-4041,2025-10-06,17,12.42,211.14,2025-11-07
BILL-00923,V-4041,2025-10-06,11,66.77,734.47,2025-11-08
BILL-00924,V-4036,2025-10-07,10,127.48,1274.80,2025-11-13
BILL-00925,V-4050,2025-10-07,12,161.45,1937.40,2025-11-15
BILL-00926,V-4050,2025-10-07,24,19.33,463.92,2025-11-15
BILL-00927,V-4010,2025-10-08,9,1184.61,10661.49,2025-12-04
BILL-00928,V-4014,2025-10-08,9,1261.13,11350.17,2025-11-30
BILL-00929,V-4027,2025-10-08,9,17.88,160.92,2025-11-09
BILL-00930,V-4040,2025-10-08,22,108.97,2397.34,2025-11-05
BILL-00931,V-4021,2025-10-09,17,78.00,1326.00,2025-11-10
BILL-00932,V-4042,2025-10-09,7,48.21,337.47,2025-11-15
BILL-00933,V-4053,2025-10-09,18,64.81,1166.58,2025-11-15
BILL-00934,V-4022,2025-10-10,2,759.27,1518.54,2025-10-27
BILL-00935,V-4020,2025-10-11,6,3233.38,19400.28,2025-12-01
BILL-00936,V-4029,2025-10-11,4,88.77,355.08,2025-11-16
BILL-00937,V-4043,2025-10-11,22,69.76,1534.72,2025-11-13
BILL-00938,V-4050,2025-10-11,13,99.38,1291.94,2025-11-08
BILL-00939,V-4021,2025-10-12,18,119.70,2154.60,2025-11-10
BILL-00940,V-4024,2025-10-12,5,246.09,1230.45,2025-11-10
BILL-00941,V-4039,2025-10-12,21,73.37,1540.77,2025-10-28
BILL-00942,V-4040,2025-10-12,18,132.40,2383.20,2025-11-07
BILL-00943,V-4043,2025-10-12,10,171.38,1713.80,2025-11-05
BILL-00944,V-4057,2025-10-12,3,336.97,1010.91,2025-11-11
BILL-00945,V-4058,2025-10-12,17,81.41,1383.97,2025-11-07
BILL-00946,V-4040,2025-10-13,5,394.25,1971.25,2025-11-14
BILL-00947,V-4041,2025-10-13,13,43.83,569.79,2025-11-13
BILL-00948,V-4046,2025-10-13,6,170.79,1024.74,2025-11-09
BILL-00949,V-4040,2025-10-13,18,132.40,2383.20,2025-11-08
BILL-00950,V-4002,2025-10-14,4,6207.27,24829.08,2025-12-04
BILL-00951,V-4003,2025-10-14,7,1193.48,8354.36,2025-12-10
BILL-00952,V-4049,2025-10-14,8,152.76,1222.08,2025-11-15
BILL-00953,V-4024,2025-10-15,20,49.66,993.20,2025-10-29
BILL-00954,V-4027,2025-10-15,9,29.98,269.82,2025-11-08
BILL-00955,V-4044,2025-10-15,12,136.76,1641.12,2025-11-09
BILL-00956,V-4047,2025-10-15,17,74.36,1264.12,2025-10-31
BILL-00957,V-4014,2025-10-15,1,3210.40,3210.40,2025-12-14
BILL-00958,V-4031,2025-10-16,22,50.44,1109.68,2025-11-14
BILL-00959,V-4037,2025-10-16,21,147.31,3093.51,2025-10-27
BILL-00960,V-4044,2025-10-16,13,115.94,1507.22,2025-11-08
BILL-00961,V-4059,2025-10-16,12,213.12,2557.44,2025-11-07
BILL-00962,V-4006,2025-10-17,3,9662.52,28987.56,2025-12-07
BILL-00963,V-4045,2025-10-17,13,35.56,462.28,2025-11-11
BILL-00964,V-4029,2025-10-18,13,32.08,417.04,2025-11-06
BILL-00965,V-4030,2025-10-18,3,253.81,761.43,2025-11-18
BILL-00966,V-4058,2025-10-18,12,143.76,1725.12,2025-11-07
BILL-00967,V-4036,2025-10-19,6,339.95,2039.70,
BILL-00968,V-4039,2025-10-19,18,48.95,881.10,2025-11-11
BILL-00969,V-4026,2025-10-20,4,80.14,320.56,2025-11-06
BILL-00970,V-4036,2025-10-20,14,223.66,3131.24,2025-11-28
BILL-00971,V-4051,2025-10-20,23,66.88,1538.24,2025-11-28
BILL-00972,V-4040,2025-10-21,21,66.78,1402.38,2025-11-20
BILL-00973,V-4045,2025-10-21,4,94.93,379.72,2025-10-30
BILL-00974,V-4049,2025-10-22,4,787.41,3149.64,2025-11-10
BILL-00975,V-4010,2025-10-23,1,10713.07,10713.07,2025-12-23
BILL-00976,V-4036,2025-10-23,2,980.42,1960.84,2025-11-26
BILL-00977,V-4024,2025-10-24,21,57.70,1211.70,2025-11-25
BILL-00978,V-4010,2025-10-25,11,598.20,6580.20,2025-12-19
BILL-00979,V-4014,2025-10-25,3,5018.28,15054.84,2025-12-26
BILL-00980,V-4024,2025-10-25,17,113.57,1930.69,
BILL-00981,V-4044,2025-10-25,16,81.86,1309.76,2025-11-23
BILL-00982,V-4048,2025-10-25,21,11.47,240.87,2025-11-28
BILL-00983,V-4055,2025-10-25,1,1741.15,1741.15,
BILL-00984,V-4059,2025-10-25,5,295.43,1477.15,2025-11-13
BILL-00985,V-4017,2025-10-26,6,2575.14,15450.84,2026-01-07
BILL-00986,V-4025,2025-10-26,14,101.32,1418.48,2025-11-25
BILL-00987,V-4028,2025-10-26,1,1340.85,1340.85,2025-11-25
BILL-00988,V-4034,2025-10-26,14,103.53,1449.42,2025-11-25
BILL-00989,V-4032,2025-10-27,3,145.81,437.43,2025-12-03
BILL-00990,V-4034,2025-10-27,21,66.35,1393.35,
BILL-00991,V-4024,2025-10-28,23,45.45,1045.35,2025-11-14
BILL-00992,V-4044,2025-10-28,3,287.42,862.26,2025-11-27
BILL-00993,V-4049,2025-10-28,19,61.68,1171.92,2025-11-24
BILL-00994,V-4051,2025-10-28,14,168.68,2361.52,2025-11-16
BILL-00995,V-4053,2025-10-28,10,56.67,566.70,2025-11-27
BILL-00996,V-4060,2025-10-28,7,50.65,354.55,2025-11-25
BILL-00997,V-4039,2025-10-29,16,71.45,1143.20,2025-11-25
BILL-00998,V-4013,2025-10-30,10,1755.89,17558.90,2025-12-16
BILL-00999,V-4008,2025-10-31,4,5298.10,21192.40,2025-12-24
BILL-01000,V-4009,2025-10-31,3,2120.24,6360.72,2025-12-17
BILL-01001,V-4023,2025-10-31,3,141.71,425.13,2025-12-02
BILL-01002,V-4058,2025-10-31,9,171.11,1539.99,2025-11-27
BILL-01003,V-4027,2025-11-01,20,26.40,528.00,2025-12-08
BILL-01004,V-4029,2025-11-01,15,21.07,316.05,2025-12-05
BILL-01005,V-4040,2025-11-01,20,105.87,2117.40,2025-12-01
BILL-01006,V-4055,2025-11-01,9,194.06,1746.54,2025-11-21
BILL-01007,V-4018,2025-11-01,1,12500.00,12500.00,2026-01-30
BILL-01008,V-4015,2025-11-02,5,4088.80,20444.00,2025-12-17
BILL-01009,V-4045,2025-11-02,20,15.75,315.00,2025-11-25
BILL-01010,V-4008,2025-11-03,4,4015.06,16060.24,2025-12-31
BILL-01011,V-4043,2025-11-03,24,46.11,1106.64,2025-11-30
BILL-01012,V-4056,2025-11-03,20,21.14,422.80,2025-12-09
BILL-01013,V-4052,2025-11-03,1,954.30,954.30,2025-12-03
BILL-01014,V-4034,2025-11-04,21,79.02,1659.42,2025-12-04
BILL-01015,V-4050,2025-11-04,12,134.68,1616.16,2025-12-11
BILL-01016,V-4050,2025-11-04,19,46.18,877.42,2025-12-07
BILL-01017,V-4052,2025-11-04,1,954.31,954.31,2025-12-04
BILL-01018,V-4025,2025-11-05,6,83.49,500.94,
BILL-01019,V-4053,2025-11-05,16,46.45,743.20,2025-12-09
BILL-01020,V-4024,2025-11-05,1,1450.00,1450.00,2025-12-05
BILL-01021,V-4005,2025-11-06,4,4130.07,16520.28,2026-02-07
BILL-01022,V-4022,2025-11-06,14,249.81,3497.34,2025-11-25
BILL-01023,V-4048,2025-11-06,15,9.03,135.45,2025-12-06
BILL-01024,V-4027,2025-11-07,16,24.46,391.36,2025-12-10
BILL-01025,V-4037,2025-11-07,9,299.56,2696.04,2025-12-03
BILL-01026,V-4043,2025-11-07,2,35.92,71.84,2025-11-24
BILL-01027,V-4050,2025-11-07,1,558.51,558.51,2025-12-12
BILL-01028,V-4059,2025-11-08,19,118.33,2248.27,2025-12-06
BILL-01029,V-4012,2025-11-09,8,854.77,6838.16,2026-01-17
BILL-01030,V-4015,2025-11-09,23,819.52,18848.96,2025-12-18
BILL-01031,V-4050,2025-11-09,13,152.63,1984.19,2025-12-11
BILL-01032,V-4021,2025-11-10,20,153.25,3065.00,2025-12-07
BILL-01033,V-4031,2025-11-10,13,33.29,432.77,2025-12-07
BILL-01034,V-4053,2025-11-10,22,55.64,1224.08,2025-12-29
BILL-01035,V-4059,2025-11-10,21,103.85,2180.85,2025-12-01
BILL-01036,V-4015,2025-11-11,7,2894.61,20262.27,2025-12-20
BILL-01037,V-4021,2025-11-11,21,120.08,2521.68,2025-12-11
BILL-01038,V-4012,2025-11-12,21,328.52,6898.92,2026-01-01
BILL-01039,V-4023,2025-11-12,14,30.77,430.78,2025-12-05
BILL-01040,V-4032,2025-11-12,2,1126.18,2252.36,2025-12-19
BILL-01041,V-4036,2025-11-13,20,121.82,2436.40,2025-12-13
BILL-01042,V-4036,2025-11-13,24,85.77,2058.48,2025-12-13
BILL-01043,V-4038,2025-11-14,2,896.21,1792.42,2025-12-21
BILL-01044,V-4038,2025-11-14,15,150.25,2253.75,2025-12-08
BILL-01045,V-4050,2025-11-14,6,242.02,1452.12,2025-12-12
BILL-01046,V-4040,2025-11-15,18,163.14,2936.52,2025-12-09
BILL-01047,V-4014,2025-11-15,1,3210.40,3210.40,2026-01-14
BILL-01048,V-4005,2025-11-16,9,822.12,7399.08,2026-02-14
BILL-01049,V-4003,2025-11-17,5,1212.27,6061.35,2025-12-29
BILL-01050,V-4048,2025-11-17,10,49.92,499.20,2025-12-17
BILL-01051,V-4060,2025-11-17,11,27.67,304.37,2025-12-25
BILL-01052,V-4008,2025-11-18,15,1595.39,23930.85,2025-12-21
BILL-01053,V-4021,2025-11-18,8,302.12,2416.96,2025-12-22
BILL-01054,V-4023,2025-11-18,23,12.33,283.59,2025-12-12
BILL-01055,V-4029,2025-11-18,3,28.17,84.51,2025-12-18
BILL-01056,V-4060,2025-11-18,14,19.52,273.28,2025-12-17
BILL-01057,V-4027,2025-11-19,5,62.60,313.00,2025-12-07
BILL-01058,V-4031,2025-11-19,14,127.92,1790.88,2025-12-14
BILL-01059,V-4045,2025-11-19,19,23.82,452.58,2025-12-19
BILL-01060,V-4055,2025-11-19,14,115.73,1620.22,2025-12-15
BILL-01061,V-4056,2025-11-19,2,202.36,404.72,2025-12-15
BILL-01062,V-4058,2025-11-19,9,194.03,1746.27,2025-12-23
BILL-01063,V-4011,2025-11-20,23,909.58,20920.34,2026-01-18
BILL-01064,V-4028,2025-11-20,12,144.75,1737.00,2025-12-08
BILL-01065,V-4033,2025-11-20,23,32.06,737.38,2025-12-16
BILL-01066,V-4042,2025-11-20,18,13.17,237.06,2025-12-19
BILL-01067,V-4052,2025-11-20,21,71.22,1495.62,2026-03-30
BILL-01068,V-4054,2025-11-20,10,25.14,251.40,2025-12-19
BILL-01069,V-4034,2025-11-21,22,23.32,513.04,2025-12-25
BILL-01070,V-4038,2025-11-21,19,2.63,49.97,2025-12-13
BILL-01071,V-4044,2025-11-21,21,142.94,3001.74,2025-12-29
BILL-01072,V-4054,2025-11-21,10,44.21,442.10,2025-12-22
BILL-01073,V-4017,2025-11-22,9,1992.13,17929.17,2026-01-25
BILL-01074,V-4022,2025-11-22,23,87.23,2006.29,2025-12-20
BILL-01075,V-4023,2025-11-22,13,26.30,341.90,2025-12-13
BILL-01076,V-4030,2025-11-22,3,136.05,408.15,2025-12-14
BILL-01077,V-4036,2025-11-22,3,580.24,1740.72,2025-12-22
BILL-01078,V-4042,2025-11-22,9,44.07,396.63,2025-12-12
BILL-01079,V-4052,2025-11-22,19,85.36,1621.84,
BILL-01080,V-4002,2025-11-23,23,1379.82,31735.86,2026-02-05
BILL-01081,V-4013,2025-11-24,12,1952.75,23433.00,2026-01-21
BILL-01082,V-4026,2025-11-24,11,35.39,389.29,2025-12-15
BILL-01083,V-4031,2025-11-24,6,202.66,1215.96,2025-12-29
BILL-01084,V-4005,2025-11-25,15,1481.16,22217.40,2026-03-10
BILL-01085,V-4042,2025-11-25,15,10.88,163.20,2025-12-18
BILL-01086,V-4045,2025-11-25,12,22.92,275.04,2025-12-24
BILL-01087,V-4053,2025-11-25,10,182.90,1829.00,2026-01-09
BILL-01088,V-4056,2025-11-26,2,201.19,402.38,2025-12-27
BILL-01089,V-4022,2025-11-27,7,455.83,3190.81,2025-12-07
BILL-01090,V-4005,2025-11-28,22,1047.94,23054.68,
BILL-01091,V-4042,2025-11-28,13,41.17,535.21,2025-12-24
BILL-01092,V-4060,2025-11-28,6,106.96,641.76,2025-12-24
BILL-01093,V-4021,2025-11-29,7,190.87,1336.09,2025-12-29
BILL-01094,V-4034,2025-11-29,12,130.24,1562.88,2026-01-08
BILL-01095,V-4011,2025-11-30,22,853.86,18784.92,2026-02-04
BILL-01096,V-4028,2025-11-30,23,137.44,3161.12,2026-01-12
BILL-01097,V-4037,2025-11-30,9,276.94,2492.46,2025-12-17
BILL-01098,V-4013,2025-12-01,8,2162.39,17299.12,2026-01-14
BILL-01099,V-4018,2025-12-01,5,3156.19,15780.95,2026-03-08
BILL-01100,V-4022,2025-12-01,10,165.35,1653.50,2026-01-04
BILL-01101,V-4054,2025-12-01,22,12.62,277.64,2025-12-31
BILL-01102,V-4057,2025-12-01,25,45.48,1137.00,2026-01-03
BILL-01103,V-4018,2025-12-01,1,12500.00,12500.00,2026-03-01
BILL-01104,V-4015,2025-12-02,18,831.58,14968.44,2026-01-12
BILL-01105,V-4030,2025-12-02,8,99.08,792.64,2026-01-09
BILL-01106,V-4031,2025-12-02,6,202.46,1214.76,
BILL-01107,V-4001,2025-12-03,13,891.79,11593.27,2026-02-23
BILL-01108,V-4029,2025-12-03,13,32.52,422.76,
BILL-01109,V-4031,2025-12-03,21,49.87,1047.27,2026-01-01
BILL-01110,V-4032,2025-12-03,1,2756.99,2756.99,2026-01-06
BILL-01111,V-4041,2025-12-04,1,295.95,295.95,2026-01-04
BILL-01112,V-4048,2025-12-04,2,206.55,413.10,2026-01-02
BILL-01113,V-4038,2025-12-05,25,86.43,2160.75,
BILL-01114,V-4049,2025-12-05,25,11.17,279.25,2026-01-01
BILL-01115,V-4059,2025-12-05,7,283.72,1986.04,2026-01-04
BILL-01116,V-4060,2025-12-05,9,45.15,406.35,2025-12-24
BILL-01117,V-4024,2025-12-05,1,1450.00,1450.00,2026-01-04
BILL-01118,V-4029,2025-12-06,4,108.62,434.48,2026-01-09
BILL-01119,V-4031,2025-12-06,24,45.72,1097.28,2026-01-11
BILL-01120,V-4043,2025-12-06,18,66.31,1193.58,2026-01-02
BILL-01121,V-4024,2025-12-07,2,401.14,802.28,2025-12-31
BILL-01122,V-4035,2025-12-07,15,16.45,246.75,2026-01-03
BILL-01123,V-4045,2025-12-07,25,11.43,285.75,2026-01-02
BILL-01124,V-4048,2025-12-07,23,17.27,397.21,2026-01-06
BILL-01125,V-4051,2025-12-07,20,110.65,2213.00,2026-01-08
BILL-01126,V-4058,2025-12-07,13,105.88,1376.44,2025-12-29
BILL-01127,V-4043,2025-12-08,2,605.08,1210.16,2026-01-01
BILL-01128,V-4006,2025-12-09,11,2377.04,26147.44,2026-02-03
BILL-01129,V-4043,2025-12-09,10,167.50,1675.00,2026-01-01
BILL-01130,V-4044,2025-12-09,13,138.23,1796.99,2026-01-16
BILL-01131,V-4052,2025-12-09,12,132.76,1593.12,2026-01-10
BILL-01132,V-4053,2025-12-10,18,98.17,1767.06,2026-01-12
BILL-01133,V-4056,2025-12-10,1,339.08,339.08,
BILL-01134,V-4060,2025-12-10,13,52.35,680.55,2026-01-09
BILL-01135,V-4010,2025-12-11,12,570.41,6844.92,2026-02-03
BILL-01136,V-4020,2025-12-12,20,1280.54,25610.80,2026-02-07
BILL-01137,V-4039,2025-12-12,20,129.28,2585.60,2026-01-08
BILL-01138,V-4047,2025-12-12,19,47.74,907.06,2026-01-10
BILL-01139,V-4058,2025-12-12,20,27.30,546.00,2026-01-09
BILL-01140,V-4011,2025-12-13,7,1513.30,10593.10,2026-01-29
BILL-01141,V-4022,2025-12-13,7,310.35,2172.45,
BILL-01142,V-4043,2025-12-13,11,149.01,1639.11,2026-01-12
BILL-01143,V-4044,2025-12-13,23,65.57,1508.11,2026-01-06
BILL-01144,V-4025,2025-12-14,5,295.80,1479.00,2026-01-08
BILL-01145,V-4027,2025-12-14,9,69.52,625.68,2026-01-17
BILL-01146,V-4039,2025-12-14,6,329.69,1978.14,2026-01-05
BILL-01147,V-4045,2025-12-14,12,17.72,212.64,2026-01-06
BILL-01148,V-4054,2025-12-14,3,188.19,564.57,2026-01-14
BILL-01149,V-4011,2025-12-15,22,660.31,14526.82,2026-01-30
BILL-01150,V-4029,2025-12-15,8,46.99,375.92,
BILL-01151,V-4014,2025-12-15,1,3210.40,3210.40,2026-02-13
BILL-01152,V-4011,2025-12-16,11,951.89,10470.79,2026-01-22
BILL-01153,V-4045,2025-12-16,11,13.86,152.46,2026-01-08
BILL-01154,V-4054,2025-12-16,12,43.22,518.64,
BILL-01155,V-4013,2025-12-17,10,2076.75,20767.50,2026-02-08
BILL-01156,V-4022,2025-12-18,12,199.56,2394.72,2026-01-21
BILL-01157,V-4031,2025-12-18,16,43.09,689.44,2026-01-14
BILL-01158,V-4038,2025-12-18,8,210.00,1680.00,2026-01-17
BILL-01159,V-4053,2025-12-18,25,38.68,967.00,2026-01-31
BILL-01160,V-4053,2025-12-18,1,1266.22,1266.22,
BILL-01161,V-4007,2025-12-19,2,12342.94,24685.88,
BILL-01162,V-4019,2025-12-19,25,587.28,14682.00,2026-01-25
BILL-01163,V-4037,2025-12-19,2,934.85,1869.70,2026-01-12
BILL-01164,V-4002,2025-12-20,17,1305.91,22200.47,2026-02-22
BILL-01165,V-4005,2025-12-20,2,8716.92,17433.84,2026-03-22
BILL-01166,V-4049,2025-12-20,20,143.22,2864.40,2026-01-16
BILL-01167,V-4030,2025-12-21,1,648.88,648.88,2026-01-13
BILL-01168,V-4039,2025-12-21,25,69.24,1731.00,2026-01-24
BILL-01169,V-4009,2025-12-22,16,212.57,3401.12,2026-01-31
BILL-01170,V-4048,2025-12-22,14,38.84,543.76,2026-01-27
BILL-01171,V-4053,2025-12-22,6,204.75,1228.50,2026-01-18
BILL-01172,V-4022,2025-12-23,7,274.16,1919.12,2026-01-23
BILL-01173,V-4024,2025-12-23,5,275.73,1378.65,2026-01-17
BILL-01174,V-4030,2025-12-23,9,53.28,479.52,2026-01-25
BILL-01175,V-4050,2025-12-23,14,88.80,1243.20,2026-01-24
BILL-01176,V-4004,2025-12-24,8,1177.28,9418.24,2026-02-26
BILL-01177,V-4013,2025-12-24,13,1336.27,17371.51,2026-02-18
BILL-01178,V-4030,2025-12-24,24,14.97,359.28,2026-01-19
BILL-01179,V-4038,2025-12-24,12,274.92,3299.04,2026-01-14
BILL-01180,V-4045,2025-12-25,3,71.57,214.71,2026-01-26
BILL-01181,V-4047,2025-12-25,10,328.75,3287.50,2026-01-20
BILL-01182,V-4054,2025-12-25,6,76.50,459.00,
BILL-01183,V-4059,2025-12-25,18,70.86,1275.48,2026-01-19
BILL-01184,V-4040,2025-12-26,6,475.69,2854.14,2026-01-10
BILL-01185,V-4058,2025-12-26,11,79.32,872.52,2026-01-26
BILL-01186,V-4005,2025-12-27,13,1108.42,14409.46,2026-03-11
BILL-01187,V-4008,2025-12-27,3,6683.05,20049.15,2026-01-23
BILL-01188,V-4020,2025-12-27,23,1103.19,25373.37,2026-03-01
BILL-01189,V-4023,2025-12-28,3,268.08,804.24,2026-01-22
BILL-01190,V-4036,2025-12-28,6,215.00,1290.00,2026-01-25
BILL-01191,V-4043,2025-12-28,11,74.76,822.36,2026-01-22
BILL-01192,V-4029,2025-12-29,13,8.66,112.58,2026-01-29
BILL-01193,V-4030,2025-12-29,7,75.59,529.13,2026-01-27
BILL-01194,V-4032,2025-12-29,14,112.33,1572.62,2026-01-31
BILL-01195,V-4002,2025-12-31,13,1672.93,21748.09,2026-03-13
BILL-01196,V-4029,2025-12-31,24,16.59,398.16,2026-01-28
BILL-01197,V-4045,2025-12-31,3,138.75,416.25,2026-01-25
BILL-01198,V-4015,2026-01-01,7,2718.96,19032.72,2026-02-17
BILL-01199,V-4033,2026-01-01,23,40.57,933.11,2026-02-07
BILL-01200,V-4018,2026-01-01,1,12500.00,12500.00,2026-04-01
BILL-01201,V-4013,2026-01-02,9,3083.78,27754.02,2026-02-22
BILL-01202,V-4030,2026-01-02,23,15.76,362.48,2026-01-24
BILL-01203,V-4039,2026-01-02,7,205.22,1436.54,2026-01-15
BILL-01204,V-4025,2026-01-03,5,334.34,1671.70,2026-01-29
BILL-01205,V-4026,2026-01-03,15,17.45,261.75,2026-01-26
BILL-01206,V-4029,2026-01-03,21,25.99,545.79,2026-02-02
BILL-01207,V-4055,2026-01-03,16,61.49,983.84,2026-02-02
BILL-01208,V-4058,2026-01-03,20,34.75,695.00,2026-02-02
BILL-01209,V-4044,2026-01-04,4,784.73,3138.92,2026-01-31
BILL-01210,V-4045,2026-01-05,2,175.20,350.40,2026-01-31
BILL-01211,V-4050,2026-01-05,21,40.31,846.51,2026-02-13
BILL-01212,V-4024,2026-01-05,1,1450.00,1450.00,2026-02-04
BILL-01213,V-4021,2026-01-07,20,32.26,645.20,2026-02-10
BILL-01214,V-4049,2026-01-07,16,148.37,2373.92,2026-02-01
BILL-01215,V-4011,2026-01-08,13,648.42,8429.46,2026-02-09
BILL-01216,V-4027,2026-01-08,9,34.43,309.87,2026-02-08
BILL-01217,V-4044,2026-01-08,14,276.74,3874.36,2026-02-13
BILL-01218,V-4058,2026-01-09,24,37.06,889.44,2026-02-19
BILL-01219,V-4005,2026-01-10,10,1745.62,17456.20,
BILL-01220,V-4025,2026-01-10,1,398.36,398.36,2026-02-06
BILL-01221,V-4035,2026-01-10,6,86.56,519.36,2026-02-09
BILL-01222,V-4036,2026-01-10,17,155.30,2640.10,2026-02-03
BILL-01223,V-4039,2026-01-10,1,3153.66,3153.66,2026-02-17
BILL-01224,V-4044,2026-01-10,10,112.99,1129.90,2026-02-09
BILL-01225,V-4058,2026-01-10,21,54.08,1135.68,2026-02-03
BILL-01226,V-4060,2026-01-10,2,237.42,474.84,2026-02-11
BILL-01227,V-4019,2026-01-11,2,10368.91,20737.82,2026-03-05
BILL-01228,V-4036,2026-01-11,12,120.11,1441.32,2026-02-13
BILL-01229,V-4051,2026-01-11,22,86.65,1906.30,2026-02-04
BILL-01230,V-4051,2026-01-11,11,193.73,2131.03,2026-02-01
BILL-01231,V-4049,2026-01-12,4,426.00,1704.00,2026-02-09
BILL-01232,V-4050,2026-01-12,23,42.20,970.60,2026-02-24
BILL-01233,V-4056,2026-01-12,11,48.65,535.15,2026-02-11
BILL-01234,V-4030,2026-01-13,3,140.65,421.95,2026-02-12
BILL-01235,V-4012,2026-01-14,16,361.43,5782.88,2026-03-18
BILL-01236,V-4035,2026-01-14,23,19.78,454.94,2026-02-06
BILL-01237,V-4055,2026-01-14,23,49.59,1140.57,2026-01-27
BILL-01238,V-4057,2026-01-15,11,93.94,1033.34,2026-02-21
BILL-01239,V-4058,2026-01-15,22,91.86,2020.92,2026-02-08
BILL-01240,V-4060,2026-01-15,11,46.35,509.85,2026-02-16
BILL-01241,V-4014,2026-01-15,1,3210.40,3210.40,2026-03-16
BILL-01242,V-4013,2026-01-16,23,669.15,15390.45,
BILL-01243,V-4016,2026-01-16,8,2313.09,18504.72,2026-03-09
BILL-01244,V-4004,2026-01-17,18,585.40,10537.20,2026-03-12
BILL-01245,V-4021,2026-01-17,13,150.60,1957.80,2026-02-02
BILL-01246,V-4039,2026-01-17,9,277.06,2493.54,2026-02-17
BILL-01247,V-4006,2026-01-19,10,3261.24,32612.40,2026-03-29
BILL-01248,V-4027,2026-01-19,24,7.66,183.84,2026-02-18
BILL-01249,V-4031,2026-01-20,2,283.63,567.26,2026-02-22
BILL-01250,V-4035,2026-01-20,11,40.23,442.53,
BILL-01251,V-4045,2026-01-20,24,10.91,261.84,2026-02-08
BILL-01252,V-4045,2026-01-21,5,61.81,309.05,2026-02-20
BILL-01253,V-4052,2026-01-21,9,229.30,2063.70,
BILL-01254,V-4017,2026-01-22,2,7653.45,15306.90,
BILL-01255,V-4027,2026-01-22,16,19.04,304.64,2026-02-21
BILL-01256,V-4044,2026-01-22,21,121.72,2556.12,2026-03-03
BILL-01257,V-4021,2026-01-23,25,94.36,2359.00,2026-02-19
BILL-01258,V-4024,2026-01-23,1,1520.24,1520.24,2026-02-18
BILL-01259,V-4054,2026-01-23,13,21.64,281.32,2026-02-19
BILL-01260,V-4055,2026-01-23,12,79.05,948.60,2026-02-21
BILL-01261,V-4030,2026-01-24,21,19.93,418.53,2026-02-23
BILL-01262,V-4053,2026-01-24,2,824.82,1649.64,2026-02-16
BILL-01263,V-4055,2026-01-24,20,83.16,1663.20,2026-02-19
BILL-01264,V-4015,2026-01-25,8,1866.91,14935.28,
BILL-01265,V-4031,2026-01-25,13,61.59,800.67,2026-02-24
BILL-01266,V-4031,2026-01-25,8,39.45,315.60,2026-02-27
BILL-01267,V-4050,2026-01-25,23,44.83,1031.09,2026-02-24
BILL-01268,V-4038,2026-01-26,17,145.09,2466.53,2026-02-22
BILL-01269,V-4059,2026-01-26,16,158.66,2538.56,
BILL-01270,V-4016,2026-01-27,21,603.10,12665.10,
BILL-01271,V-4018,2026-01-27,13,1617.30,21024.90,
BILL-01272,V-4017,2026-01-28,14,1223.11,17123.54,
BILL-01273,V-4032,2026-01-28,13,113.80,1479.40,2026-02-24
BILL-01274,V-4034,2026-01-28,4,257.00,1028.00,2026-03-01
BILL-01275,V-4037,2026-01-29,4,325.22,1300.88,2026-02-17
BILL-01276,V-4031,2026-01-30,6,280.98,1685.88,2026-02-19
BILL-01277,V-4038,2026-01-30,23,143.24,3294.52,2026-03-01
BILL-01278,V-4053,2026-01-30,4,281.92,1127.68,2026-02-20
BILL-01279,V-4003,2026-01-31,16,433.63,6938.08,2026-03-19
BILL-01280,V-4007,2026-01-31,9,1281.19,11530.71,
BILL-01281,V-4033,2026-01-31,9,158.82,1429.38,2026-02-25
BILL-01282,V-4041,2026-01-31,12,41.89,502.68,2026-03-12
BILL-01283,V-4049,2026-01-31,5,461.06,2305.30,2026-02-25
BILL-01284,V-4032,2026-02-01,9,419.93,3779.37,2026-03-04
BILL-01285,V-4045,2026-02-01,5,112.79,563.95,2026-02-26
BILL-01286,V-4018,2026-02-01,1,12500.00,12500.00,2026-05-02
BILL-01287,V-4020,2026-02-02,15,564.20,8463.00,2026-03-20
BILL-01288,V-4029,2026-02-02,6,53.78,322.68,2026-02-26
BILL-01289,V-4043,2026-02-02,2,36.68,73.36,2026-03-03
BILL-01290,V-4058,2026-02-02,17,49.03,833.51,2026-03-02
BILL-01291,V-4012,2026-02-03,12,1145.99,13751.88,
BILL-01292,V-4022,2026-02-04,5,327.33,1636.65,2026-03-05
BILL-01293,V-4040,2026-02-04,16,3.12,49.92,2026-03-01
BILL-01294,V-4042,2026-02-04,15,25.87,388.05,2026-03-02
BILL-01295,V-4006,2026-02-05,8,2746.15,21969.20,
BILL-01296,V-4007,2026-02-05,2,9843.09,19686.18,
BILL-01297,V-4032,2026-02-05,15,132.34,1985.10,2026-03-05
BILL-01298,V-4024,2026-02-05,1,1450.00,1450.00,2026-03-07
BILL-01299,V-4002,2026-02-06,2,9219.42,18438.84,2026-03-21
BILL-01300,V-4019,2026-02-06,17,1130.39,19216.63,
BILL-01301,V-4022,2026-02-06,12,257.66,3091.92,2026-03-09
BILL-01302,V-4059,2026-02-06,23,90.79,2088.17,2026-02-25
BILL-01303,V-4034,2026-02-07,2,381.46,762.92,
BILL-01304,V-4038,2026-02-07,8,357.69,2861.52,
BILL-01305,V-4001,2026-02-08,24,782.57,18781.68,
BILL-01306,V-4033,2026-02-08,15,115.99,1739.85,2026-03-13
BILL-01307,V-4051,2026-02-08,8,256.95,2055.60,2026-02-21
BILL-01308,V-4025,2026-02-09,10,109.53,1095.30,2026-03-03
BILL-01309,V-4030,2026-02-09,17,31.96,543.32,2026-03-16
BILL-01310,V-4036,2026-02-09,25,62.43,1560.75,2026-03-15
BILL-01311,V-4041,2026-02-09,12,49.63,595.56,2026-03-23
BILL-01312,V-4056,2026-02-09,13,47.41,616.33,2026-03-06
BILL-01313,V-4010,2026-02-10,11,781.83,8600.13,
BILL-01314,V-4034,2026-02-10,2,674.07,1348.14,2026-03-23
BILL-01315,V-4035,2026-02-10,9,51.82,466.38,2026-03-01
BILL-01316,V-4050,2026-02-10,14,115.54,1617.56,2026-03-06
BILL-01317,V-4054,2026-02-10,5,67.10,335.50,2026-03-11
BILL-01318,V-4054,2026-02-10,19,26.93,511.67,2026-03-19
BILL-01319,V-4060,2026-02-10,9,59.89,539.01,2026-03-06
BILL-01320,V-4028,2026-02-11,4,385.79,1543.16,2026-03-17
BILL-01321,V-4044,2026-02-11,5,269.78,1348.90,
BILL-01322,V-4038,2026-02-12,4,383.35,1533.40,2026-03-16
BILL-01323,V-4056,2026-02-12,21,25.77,541.17,2026-03-14
BILL-01324,V-4008,2026-02-13,11,1092.44,12016.84,
BILL-01325,V-4021,2026-02-13,5,452.03,2260.15,2026-03-13
BILL-01326,V-4042,2026-02-13,3,71.23,213.69,2026-03-23
BILL-01327,V-4055,2026-02-13,24,36.40,873.60,2026-03-08
BILL-01328,V-4022,2026-02-14,21,99.50,2089.50,2026-03-15
BILL-01329,V-4027,2026-02-14,16,25.72,411.52,2026-02-26
BILL-01330,V-4027,2026-02-14,12,32.29,387.48,2026-03-16
BILL-01331,V-4036,2026-02-14,9,286.79,2581.11,2026-03-20
BILL-01332,V-4037,2026-02-14,5,263.20,1316.00,
BILL-01333,V-4040,2026-02-14,5,604.62,3023.10,2026-03-10
BILL-01334,V-4026,2026-02-15,24,16.80,403.20,2026-03-15
BILL-01335,V-4027,2026-02-15,18,28.30,509.40,2026-03-16
BILL-01336,V-4014,2026-02-15,1,3210.40,3210.40,2026-04-16
BILL-01337,V-4004,2026-02-16,19,434.16,8249.04,
BILL-01338,V-4016,2026-02-16,17,718.48,12214.16,
BILL-01339,V-4031,2026-02-16,12,125.62,1507.44,2026-03-12
BILL-01340,V-4051,2026-02-16,20,59.44,1188.80,2026-03-19
BILL-01341,V-4016,2026-02-17,5,4371.15,21855.75,
BILL-01342,V-4035,2026-02-17,21,10.06,211.26,2026-03-20
BILL-01343,V-4044,2026-02-17,16,139.76,2236.16,2026-03-29
BILL-01344,V-4056,2026-02-17,21,24.16,507.36,2026-03-22
BILL-01345,V-4056,2026-02-17,9,55.81,502.29,2026-03-27
BILL-01346,V-4019,2026-02-18,4,5621.60,22486.40,2026-03-30
BILL-01347,V-4042,2026-02-18,16,24.12,385.92,2026-03-19
BILL-01348,V-4014,2026-02-19,23,911.73,20969.79,
BILL-01349,V-4020,2026-02-19,3,4272.48,12817.44,
BILL-01350,V-4022,2026-02-19,4,386.68,1546.72,2026-03-16
BILL-01351,V-4043,2026-02-19,2,770.25,1540.50,2026-03-22
BILL-01352,V-4055,2026-02-19,8,129.24,1033.92,2026-03-17
BILL-01353,V-4001,2026-02-20,13,2636.24,34271.12,
BILL-01354,V-4019,2026-02-20,24,686.01,16464.24,2026-03-30
BILL-01355,V-4026,2026-02-20,24,8.27,198.48,2026-03-25
BILL-01356,V-4050,2026-02-20,25,69.89,1747.25,
BILL-01357,V-4052,2026-02-20,23,101.61,2337.03,2026-03-27
BILL-01358,V-4058,2026-02-20,17,55.45,942.65,2026-03-25
BILL-01359,V-4014,2026-02-21,21,953.54,20024.34,
BILL-01360,V-4016,2026-02-21,19,823.68,15649.92,
BILL-01361,V-4011,2026-02-22,3,3352.30,10056.90,
BILL-01362,V-4029,2026-02-22,2,140.03,280.06,2026-03-12
BILL-01363,V-4035,2026-02-22,9,62.95,566.55,2026-03-11
BILL-01364,V-4035,2026-02-22,2,282.27,564.54,2026-03-21
BILL-01365,V-4039,2026-02-22,24,48.50,1164.00,2026-03-22
BILL-01366,V-4043,2026-02-22,5,255.30,1276.50,
BILL-01367,V-4054,2026-02-22,2,313.03,626.06,2026-03-17
BILL-01368,V-4004,2026-02-23,21,536.75,11271.75,
BILL-01369,V-4012,2026-02-23,3,1730.73,5192.19,
BILL-01370,V-4023,2026-02-23,23,3.62,83.26,2026-03-17
BILL-01371,V-4060,2026-02-23,6,55.76,334.56,
BILL-01372,V-4025,2026-02-24,14,149.98,2099.72,2026-03-22
BILL-01373,V-4025,2026-02-24,14,138.73,1942.22,2026-03-21
BILL-01374,V-4027,2026-02-24,9,48.97,440.73,2026-03-26
BILL-01375,V-4049,2026-02-24,24,71.75,1722.00,
BILL-01376,V-4029,2026-02-25,10,27.39,273.90,
BILL-01377,V-4030,2026-02-25,5,56.14,280.70,
BILL-01378,V-4051,2026-02-25,5,293.75,1468.75,2026-03-19
BILL-01379,V-4053,2026-02-25,5,178.03,890.15,
BILL-01380,V-4055,2026-02-25,19,64.33,1222.27,2026-03-26
BILL-01381,V-4038,2026-02-26,17,78.44,1333.48,2026-03-22
BILL-01382,V-4050,2026-02-27,21,44.89,942.69,2026-03-28
BILL-01383,V-4054,2026-02-27,9,47.59,428.31,
BILL-01384,V-4058,2026-02-27,17,38.55,655.35,
BILL-01385,V-4010,2026-02-28,19,283.34,5383.46,
BILL-01386,V-4028,2026-02-28,11,170.44,1874.84,
BILL-01387,V-4037,2026-02-28,16,144.99,2319.84,2026-03-26
BILL-01388,V-4026,2026-03-01,16,21.58,345.28,
BILL-01389,V-4042,2026-03-01,12,10.96,131.52,2026-03-30
BILL-01390,V-4048,2026-03-01,16,32.87,525.92,
BILL-01391,V-4018,2026-03-01,1,12500.00,12500.00,2026-05-30
BILL-01392,V-4032,2026-03-02,21,60.37,1267.77,
BILL-01393,V-4034,2026-03-02,4,162.85,651.40,
BILL-01394,V-4050,2026-03-02,6,200.43,1202.58,2026-03-21
BILL-01395,V-4050,2026-03-02,11,126.33,1389.63,2026-03-26
BILL-01396,V-4050,2026-03-02,13,69.73,906.49,
BILL-01397,V-4056,2026-03-02,13,23.37,303.81,
BILL-01398,V-4032,2026-03-03,7,432.40,3026.80,
BILL-01399,V-4036,2026-03-03,1,1086.69,1086.69,
BILL-01400,V-4042,2026-03-03,25,22.35,558.75,2026-03-20
BILL-01401,V-4056,2026-03-03,7,46.07,322.49,
BILL-01402,V-4008,2026-03-04,7,4068.39,28478.73,
BILL-01403,V-4029,2026-03-04,11,43.77,481.47,
BILL-01404,V-4034,2026-03-04,14,58.23,815.22,
BILL-01405,V-4051,2026-03-04,2,1203.41,2406.82,2026-03-31
BILL-01406,V-4030,2026-03-05,23,22.81,524.63,
BILL-01407,V-4032,2026-03-05,5,453.22,2266.10,
BILL-01408,V-4045,2026-03-05,15,14.38,215.70,
BILL-01409,V-4055,2026-03-05,20,59.34,1186.80,
BILL-01410,V-4024,2026-03-05,1,1450.00,1450.00,2026-04-04
BILL-01411,V-4014,2026-03-06,17,1149.00,19533.00,
BILL-01412,V-4031,2026-03-06,9,173.73,1563.57,
BILL-01413,V-4052,2026-03-06,14,214.72,3006.08,
BILL-01414,V-4013,2026-03-07,17,1797.95,30565.15,
BILL-01415,V-4014,2026-03-07,22,1070.17,23543.74,
BILL-01416,V-4038,2026-03-07,10,306.42,3064.20,
BILL-01417,V-4053,2026-03-07,24,52.19,1252.56,
BILL-01418,V-4023,2026-03-08,11,25.06,275.66,
BILL-01419,V-4028,2026-03-08,12,126.69,1520.28,
BILL-01420,V-4033,2026-03-08,23,52.57,1209.11,
BILL-01421,V-4020,2026-03-09,1,29243.26,29243.26,
BILL-01422,V-4034,2026-03-09,19,45.25,859.75,
BILL-01423,V-4023,2026-03-10,14,23.61,330.54,2026-03-31
BILL-01424,V-4030,2026-03-10,16,20.88,334.08,
BILL-01425,V-4035,2026-03-10,13,33.95,441.35,
BILL-01426,V-4002,2026-03-11,14,874.18,12238.52,
BILL-01427,V-4025,2026-03-11,12,116.34,1396.08,
BILL-01428,V-4027,2026-03-11,5,71.70,358.50,
BILL-01429,V-4049,2026-03-11,6,487.26,2923.56,
BILL-01430,V-4052,2026-03-11,9,311.78,2806.02,
BILL-01431,V-4054,2026-03-11,24,22.87,548.88,
BILL-01432,V-4022,2026-03-12,22,66.06,1453.32,
BILL-01433,V-4023,2026-03-12,15,18.74,281.10,
BILL-01434,V-4028,2026-03-12,24,69.46,1667.04,
BILL-01435,V-4046,2026-03-12,5,682.41,3412.05,
BILL-01436,V-4010,2026-03-13,15,588.57,8828.55,
BILL-01437,V-4026,2026-03-13,22,12.92,284.24,
BILL-01438,V-4011,2026-03-14,16,1604.18,25666.88,
BILL-01439,V-4017,2026-03-14,9,1102.16,9919.44,
BILL-01440,V-4035,2026-03-14,3,205.59,616.77,2026-03-31
BILL-01441,V-4043,2026-03-14,1,1180.44,1180.44,
BILL-01442,V-4045,2026-03-14,21,24.86,522.06,
BILL-01443,V-4053,2026-03-14,2,174.51,349.02,
BILL-01444,V-4059,2026-03-14,11,186.29,2049.19,
BILL-01445,V-4006,2026-03-15,11,2430.40,26734.40,
BILL-01446,V-4035,2026-03-15,1,386.98,386.98,
BILL-01447,V-4041,2026-03-15,11,37.38,411.18,
BILL-01448,V-4053,2026-03-15,14,55.01,770.14,
BILL-01449,V-4014,2026-03-15,1,3210.40,3210.40,2026-05-14
BILL-01450,V-4028,2026-03-16,12,211.80,2541.60,
BILL-01451,V-4001,2026-03-17,9,957.61,8618.49,
BILL-01452,V-4026,2026-03-17,15,29.62,444.30,
BILL-01453,V-4049,2026-03-17,20,88.87,1777.40,
BILL-01454,V-4056,2026-03-17,5,42.51,212.55,
BILL-01455,V-4012,2026-03-18,8,1437.52,11500.16,
BILL-01456,V-4021,2026-03-18,21,46.09,967.89,
BILL-01457,V-4056,2026-03-18,6,69.13,414.78,
BILL-01458,V-4018,2026-03-19,24,463.74,11129.76,
BILL-01459,V-4037,2026-03-19,6,350.12,2100.72,
BILL-01460,V-4044,2026-03-19,6,288.32,1729.92,
BILL-01461,V-4051,2026-03-19,23,24.31,559.13,
BILL-01462,V-4011,2026-03-20,8,2700.82,21606.56,
BILL-01463,V-4038,2026-03-20,23,37.32,858.36,
BILL-01464,V-4042,2026-03-20,6,52.14,312.84,
BILL-01465,V-4043,2026-03-20,23,57.64,1325.72,
BILL-01466,V-4029,2026-03-21,9,31.80,286.20,
BILL-01467,V-4042,2026-03-21,21,22.94,481.74,
BILL-01468,V-4023,2026-03-22,19,21.99,417.81,
BILL-01469,V-4032,2026-03-22,14,178.33,2496.62,
BILL-01470,V-4039,2026-03-22,20,113.29,2265.80,
BILL-01471,V-4026,2026-03-23,8,50.30,402.40,
BILL-01472,V-4038,2026-03-23,25,93.34,2333.50,
BILL-01473,V-4034,2026-03-24,6,235.09,1410.54,
BILL-01474,V-4046,2026-03-24,9,176.18,1585.62,
BILL-01475,V-4054,2026-03-24,5,87.72,438.60,
BILL-01476,V-4043,2026-03-25,22,59.39,1306.58,
BILL-01477,V-4054,2026-03-25,9,68.06,612.54,
BILL-01478,V-4060,2026-03-25,22,6.88,151.36,
BILL-01479,V-4027,2026-03-26,18,13.82,248.76,
BILL-01480,V-4052,2026-03-26,10,217.68,2176.80,
BILL-01481,V-4054,2026-03-26,13,24.73,321.49,
BILL-01482,V-4060,2026-03-26,12,33.96,407.52,
BILL-01483,V-4027,2026-03-27,21,13.16,276.36,
BILL-01484,V-4029,2026-03-27,24,13.51,324.24,
BILL-01485,V-4051,2026-03-27,16,109.79,1756.64,
BILL-01486,V-4057,2026-03-27,23,79.72,1833.56,
BILL-01487,V-4029,2026-03-28,4,45.11,180.44,
BILL-01488,V-4031,2026-03-28,24,49.10,1178.40,
BILL-01489,V-4011,2026-03-29,7,2357.81,16504.67,
BILL-01490,V-4055,2026-03-29,3,468.32,1404.96,
BILL-01491,V-4019,2026-03-30,4,5279.10,21116.40,
BILL-01492,V-4039,2026-03-30,13,203.59,2646.67,
BILL-01493,V-4045,2026-03-30,18,20.15,362.70,
BILL-01494,V-4052,2026-03-30,6,424.30,2545.80,
BILL-01495,V-4057,2026-03-30,16,101.66,1626.56,
BILL-01496,V-4025,2026-03-31,7,190.07,1330.49,
BILL-01497,V-4042,2026-03-31,9,19.74,177.66,
BILL-01498,V-4042,2026-03-31,8,69.37,554.96,
BILL-01499,V-4058,2026-03-31,3,462.14,1386.42,
