vendor_id,vendor_name,category,net_terms
V-4001,Atlas Warehouse Solutions,Strategic,60
V-4002,Anvil Metalworks,Strategic,60
V-4003,Granite State Tooling,Strategic,45
V-4004,Sterling Audit Advisors,Strategic,45
V-4005,Forge and Foundry Castings,Strategic,90
V-4006,Crestline Plastics,Strategic,60
V-4007,Cascade Fabrics Mfg,Strategic,60
V-4008,Vanguard Office Systems,Strategic,45
V-4009,Summit Logistics Partners,Strategic,45
V-4010,Northwind Textile Works,Strategic,60
V-4011,Pacific Zipper Industries,Strategic,45
V-4012,Timberframe Lumber Co,Strategic,45
V-4013,Meridian Power Utility,Strategic,45
V-4014,Beacon Insurance Group,Strategic,60
V-4015,Evergreen Freight Lines,Strategic,45
V-4016,Blue Ridge Packaging,Strategic,60
V-4017,Ironclad Hardware Supply,Strategic,60
V-4018,Cornerstone Leasing Co,Strategic,90
V-4019,Keystone Industrial Gas,Strategic,45
V-4020,Highland Wool Mills,Strategic,45
V-4021,Cedar Point Signage,Commodity,30
V-4022,Mountain Mail Couriers,Commodity,30
V-4023,Kettle Creek Packaging,Commodity,30
V-4024,Sunbelt Equipment Rental,Commodity,30
V-4025,Twin Pines Janitorial,Commodity,30
V-4026,Pine Street Stationery,Commodity,30
V-4027,Ivy League Printing,Commodity,30
V-4028,Lakeside Linen Service,Commodity,30
V-4029,Redwood Pest Control,Commodity,30
V-4030,River Rock Aggregate,Commodity,30
V-4031,Union Square Print,Commodity,30
V-4032,Fastline Shipping Boxes,Commodity,30
V-4033,Daily Grind Coffee Supply,Commodity,30
V-4034,Greenfield Landscaping,Commodity,30
V-4035,City Courier Service,Commodity,30
V-4036,Hometown Hardware Wholesale,Commodity,30
V-4037,Harbor Marine Supply,Commodity,30
V-4038,Oakwood Pallet Co,Commodity,30
V-4039,Frontier Safety Gear,Commodity,30
V-4040,Dusty Trail Outfitters Supply,Commodity,30
V-4041,Tidy Janitorial Goods,Commodity,30
V-4042,Riverside Office Supply,Commodity,30
V-4043,Lantern Fuel Depot,Commodity,30
V-4044,Golden Gate Adhesives,Commodity,30
V-4045,Brass Tacks Fasteners,Commodity,30
V-4046,Echo Park Promotional,Commodity,30
V-4047,Quail Ridge Catering,Commodity,30
V-4048,North Star Office Goods,Commodity,30
V-4049,Brick House Plumbing,Commodity,30
V-4050,Junction Box Supply,Commodity,30
V-4051,Copper Wire Electric,Commodity,30
V-4052,Quickprint Labels,Commodity,30
V-4053,Maple Lane Catering,Commodity,30
V-4054,Stonepath Maintenance,Commodity,30
V-4055,Bright Spark Electrical,Commodity,30
V-4056,Willow Print Shop,Commodity,30
V-4057,Clearview Window Cleaning,Commodity,30
V-4058,Prairie Wind Cleaning,Commodity,30
V-4059,Corner Hardware Store,Commodity,30
V-4060,Open Road Fuel Stop,Commodity,30
