"table_name","column_name","description"
"drivers","driver_id","Wallet holder. Joins everything else."
"drivers","opened_on","Date the wallet was opened."
"drivers","state_raw","State or province exactly as captured at signup. Never cleaned."
"drivers","country_raw","Country as captured. Blank when no address was captured."
"drivers","mail_returned_on","Most recent date postal mail came back undelivered. Blank if it never has."
"drivers","closed_on","Date the driver closed the wallet in the app. Blank if it is open. Closing pays nothing out, because the wallet cannot be withdrawn."
"drivers","address_line1","Street address as captured at signup. Blank when no address was captured."
"drivers","city","City as captured at signup."
"drivers","postal_raw","Postal code exactly as captured. Keep it as text: foreign codes are not numbers."
"wallet_ledger","txn_id","Unique id for the row, assigned in the order rows were received."
"wallet_ledger","driver_id","The wallet holder the row belongs to."
"wallet_ledger","session_id","The charging session the row relates to, when there is one."
"wallet_ledger","activity_on","Date the transaction happened."
"wallet_ledger","posted_on","Date it posted to the general ledger. Usually the same day."
"wallet_ledger","amount_cents","Signed, in cents. Positive increases the wallet."
"wallet_ledger","source_channel","The system the entry was submitted through: mobile_app, web_portal, kiosk, ivr, csr_console, batch_job, partner_api."
"wallet_ledger","reverses_txn_id","On a reversal, the txn_id it backs out. On a refund, the charge it corrects."
"wallet_ledger","txn_type","load, charge, refund, fee, adjustment, reversal, promo_grant, promo_redeem, promo_expire. A refund is a credit back into the wallet for a disputed charging bill; the wallet cannot be withdrawn."
"wallet_ledger","entered_by","Employee identifier when a person keyed the entry."
"charging_sessions","session_id","Unique id for the session."
"charging_sessions","driver_id","The driver who charged."
"charging_sessions","station_id","The charging station."
"charging_sessions","station_state","State where the station is. Not the driver's address."
"charging_sessions","session_date","Date of the charging session."
"charging_sessions","kwh","Energy delivered, in kilowatt-hours."
"charging_sessions","txn_id","The wallet_ledger row that billed this session. Blank if none exists."
"app_login_days","driver_id","The driver who logged in."
"app_login_days","login_date","One row per day a driver authenticated. No time of day is kept."
"app_login_days","logins","Number of logins that day."
"app_login_days","platform","ios, android, or web."
"reservations","reservation_id","Unique id for the reservation."
"reservations","driver_id","The driver who placed it."
"reservations","placed_on","Date the reservation was placed."
"reservations","model","The vehicle model reserved."
"reservation_events","event_id","Unique id for the event."
"reservation_events","reservation_id","The reservation the event belongs to."
"reservation_events","activity_on","Date the event happened."
"reservation_events","posted_on","Date it posted to the general ledger."
"reservation_events","event_type","deposit, application (the deposit applied to a vehicle order), or refund."
"reservation_events","amount_cents","Signed, in cents. Positive increases the deposit held."
"reservation_events","status_after","The reservation's status after the event: open, converted, or cancelled_refunded."
"reservation_events","source_channel","Same channel vocabulary as the ledger."
"company_notices","notice_id","Unique id for the notice."
"company_notices","driver_id","The driver it was sent to."
"company_notices","sent_on","Date it was sent."
"company_notices","channel","email, postal, or push."
"company_notices","notice_type","balance_statement, promo_email, or service_alert."
"company_notices","bounced","1 if the message could not be delivered."
"due_diligence_letters","letter_id","Unique id for the letter."
"due_diligence_letters","driver_id","The owner the letter was mailed to."
"due_diligence_letters","cycle_year","Reporting cycle the letter belonged to. Prior cycles only."
"due_diligence_letters","mailed_on","Date the letter was mailed."
"due_diligence_letters","method","first_class or certified."
"due_diligence_letters","returned_on","Date the postal service returned it undelivered. Blank if it was not."
"due_diligence_letters","owner_responded_on","Date the owner responded. Blank if they did not."
"gl_wallet_control","period_end","Month-end date of the balance."
"gl_wallet_control","gl_account","2110 wallet cash liability. 2115 deferred promotional credits. 2120 customer deposits."
"gl_wallet_control","gl_balance_cents","General ledger balance at that period end, in cents."
"run_params","cutoff_date","The cutoff date for this reporting cycle."
"run_params","observed_through_date","The last date the data covers."
"run_params","report_due_date","Date the report is due to the states."
"run_params","diligence_window_open","First date due diligence letters can be mailed this cycle."
"run_params","diligence_window_close","Last date due diligence letters can be mailed this cycle."
