"letter_id","driver_id","cycle_year","mailed_on","method","returned_on","owner_responded_on"
"1","211","2023","2023-08-24","first_class","","2023-10-04"
"2","283","2023","2023-08-24","first_class","","2023-09-21"
"3","344","2023","2023-08-17","first_class","",""
"4","371","2023","2023-08-12","first_class","",""
"5","419","2023","2023-08-10","first_class","","2023-08-18"
"6","596","2023","2023-08-06","first_class","",""
"7","689","2023","2023-08-14","first_class","",""
"8","857","2023","2023-08-06","first_class","","2023-08-26"
"9","1032","2023","2023-08-25","first_class","",""
"10","1058","2023","2023-08-20","first_class","",""
"11","1286","2023","2023-08-24","first_class","","2023-10-13"
"12","1389","2023","2023-08-01","first_class","",""
"13","1434","2023","2023-08-27","first_class","",""
"14","1558","2023","2023-08-22","first_class","",""
"15","1664","2023","2023-08-23","certified","","2023-08-30"
"16","1922","2023","2023-08-09","first_class","",""
"17","2017","2023","2023-08-07","first_class","","2023-09-05"
"18","2226","2023","2023-08-14","first_class","",""
"19","2447","2023","2023-08-01","first_class","",""
"20","2483","2023","2023-08-19","first_class","",""
"21","2566","2023","2023-08-16","first_class","",""
"22","2684","2023","2023-08-24","first_class","",""
"23","2802","2023","2023-08-02","first_class","",""
"24","2839","2023","2023-08-23","first_class","","2023-10-28"
"25","2991","2023","2023-08-07","first_class","",""
"26","3069","2023","2023-08-13","first_class","","2023-09-29"
"27","3076","2023","2023-08-02","first_class","","2023-08-31"
"28","3083","2023","2023-08-26","first_class","",""
"29","3275","2023","2023-08-17","first_class","",""
"30","3369","2023","2023-08-14","first_class","",""
"31","3430","2023","2023-08-10","first_class","2023-08-23",""
"32","3513","2023","2023-08-11","first_class","",""
"33","3834","2023","2023-08-20","first_class","","2023-10-21"
"34","3837","2023","2023-08-27","first_class","",""
"35","3892","2023","2023-08-25","first_class","2023-09-19",""
"36","3998","2023","2023-08-13","first_class","",""
"37","4115","2023","2023-08-13","first_class","","2023-10-11"
"38","4183","2023","2023-08-02","first_class","",""
"39","4297","2023","2023-08-10","first_class","",""
"40","4425","2023","2023-08-25","first_class","","2023-10-01"
"41","4449","2023","2023-08-18","first_class","","2023-09-29"
"42","4455","2023","2023-08-09","first_class","",""
"43","4639","2023","2023-08-08","first_class","",""
"44","4704","2023","2023-08-16","first_class","",""
"45","4809","2023","2023-08-03","first_class","",""
"46","4843","2023","2023-08-17","first_class","",""
"47","4849","2023","2023-08-27","first_class","",""
"48","5021","2023","2023-08-26","first_class","",""
"49","5080","2023","2023-08-08","first_class","","2023-09-17"
"50","5528","2023","2023-08-11","first_class","","2023-09-16"
"51","5561","2023","2023-08-16","first_class","",""
"52","5562","2023","2023-08-05","first_class","",""
"53","5722","2023","2023-08-05","first_class","",""
"54","5753","2023","2023-08-26","certified","","2023-09-03"
"55","5774","2023","2023-08-11","first_class","",""
"56","5836","2023","2023-08-24","first_class","","2023-09-01"
"57","5911","2023","2023-08-09","first_class","",""
"58","5940","2023","2023-08-19","first_class","","2023-08-24"
"59","6058","2023","2023-08-04","first_class","",""
"60","6307","2023","2023-08-19","first_class","",""
"61","6453","2023","2023-08-16","certified","",""
"62","6461","2023","2023-08-04","first_class","",""
"63","6467","2023","2023-08-08","first_class","",""
"64","6479","2023","2023-08-04","first_class","",""
"65","6552","2023","2023-08-09","first_class","",""
"66","6739","2023","2023-08-15","first_class","",""
"67","6743","2023","2023-08-13","first_class","",""
"68","6898","2023","2023-08-21","certified","",""
"69","7005","2023","2023-08-02","first_class","",""
"70","7150","2023","2023-08-04","first_class","","2023-09-01"
"71","7271","2023","2023-08-08","first_class","",""
"72","7395","2023","2023-08-06","first_class","",""
"73","7499","2023","2023-08-10","first_class","",""
"74","7774","2023","2023-08-19","first_class","2023-09-08",""
"75","7881","2023","2023-08-15","first_class","",""
"76","44","2024","2024-08-01","certified","",""
"77","70","2024","2024-08-01","first_class","",""
"78","181","2024","2024-08-28","first_class","","2024-10-15"
"79","272","2024","2024-08-10","first_class","","2024-08-13"
"80","327","2024","2024-08-21","first_class","2024-09-15",""
"81","510","2024","2024-08-11","certified","",""
"82","545","2024","2024-08-23","first_class","",""
"83","573","2024","2024-08-14","first_class","",""
"84","756","2024","2024-08-14","first_class","","2024-08-26"
"85","763","2024","2024-08-08","certified","",""
"86","923","2024","2024-08-20","first_class","",""
"87","934","2024","2024-08-10","first_class","",""
"88","947","2024","2024-08-25","first_class","",""
"89","960","2024","2024-08-10","first_class","",""
"90","1082","2024","2024-08-07","first_class","","2024-10-07"
"91","1125","2024","2024-08-13","certified","","2024-08-23"
"92","1181","2024","2024-08-06","first_class","","2024-09-16"
"93","1197","2024","2024-08-27","first_class","",""
"94","1207","2024","2024-08-11","first_class","",""
"95","1270","2024","2024-08-27","first_class","",""
"96","1307","2024","2024-08-20","certified","",""
"97","1310","2024","2024-08-16","certified","",""
"98","1364","2024","2024-08-25","first_class","",""
"99","1404","2024","2024-08-22","certified","",""
"100","1453","2024","2024-08-09","first_class","",""
"101","1461","2024","2024-08-23","first_class","",""
"102","1462","2024","2024-08-23","first_class","","2024-08-29"
"103","1493","2024","2024-08-26","first_class","2024-09-09",""
"104","1576","2024","2024-08-18","certified","",""
"105","1577","2024","2024-08-08","first_class","",""
"106","1582","2024","2024-08-04","first_class","","2024-08-22"
"107","1617","2024","2024-08-06","first_class","",""
"108","1706","2024","2024-08-26","first_class","",""
"109","1868","2024","2024-08-17","first_class","",""
"110","1929","2024","2024-08-05","first_class","",""
"111","1942","2024","2024-08-20","first_class","",""
"112","2073","2024","2024-08-20","first_class","",""
"113","2112","2024","2024-08-03","first_class","",""
"114","2223","2024","2024-08-16","first_class","",""
"115","2482","2024","2024-08-13","certified","","2024-09-25"
"116","2605","2024","2024-08-01","first_class","",""
"117","2865","2024","2024-08-27","first_class","",""
"118","2912","2024","2024-08-12","certified","",""
"119","2970","2024","2024-08-24","first_class","","2024-09-11"
"120","3015","2024","2024-08-09","first_class","",""
"121","3211","2024","2024-08-02","first_class","",""
"122","3262","2024","2024-08-11","first_class","",""
"123","3302","2024","2024-08-04","first_class","",""
"124","3366","2024","2024-08-21","first_class","",""
"125","3417","2024","2024-08-15","first_class","",""
"126","3527","2024","2024-08-16","first_class","",""
"127","3539","2024","2024-08-07","first_class","",""
"128","3616","2024","2024-08-15","first_class","",""
"129","3658","2024","2024-08-12","first_class","","2024-08-15"
"130","3686","2024","2024-08-10","first_class","",""
"131","3711","2024","2024-08-20","first_class","2024-09-09",""
"132","3886","2024","2024-08-02","first_class","","2024-08-24"
"133","3901","2024","2024-08-24","first_class","","2024-09-17"
"134","4026","2024","2024-08-27","first_class","2024-09-28",""
"135","4077","2024","2024-08-19","first_class","","2024-09-13"
"136","4130","2024","2024-08-01","certified","","2024-08-15"
"137","4232","2024","2024-08-01","first_class","",""
"138","4314","2024","2024-08-27","first_class","","2024-11-05"
"139","4426","2024","2024-08-07","certified","",""
"140","4469","2024","2024-08-21","first_class","",""
"141","4526","2024","2024-08-22","first_class","","2024-09-16"
"142","4537","2024","2024-08-26","first_class","",""
"143","4674","2024","2024-08-10","first_class","",""
"144","4690","2024","2024-08-22","first_class","","2024-10-28"
"145","4749","2024","2024-08-20","first_class","",""
"146","4758","2024","2024-08-08","certified","",""
"147","4778","2024","2024-08-18","first_class","",""
"148","4781","2024","2024-08-07","first_class","",""
"149","4822","2024","2024-08-16","first_class","",""
"150","4877","2024","2024-08-25","first_class","",""
"151","4913","2024","2024-08-17","first_class","2024-09-14",""
"152","4914","2024","2024-08-27","certified","","2024-09-28"
"153","4930","2024","2024-08-07","certified","",""
"154","4939","2024","2024-08-10","first_class","",""
"155","5035","2024","2024-08-03","certified","",""
"156","5051","2024","2024-08-25","certified","","2024-09-03"
"157","5215","2024","2024-08-17","first_class","",""
"158","5264","2024","2024-08-01","first_class","","2024-08-06"
"159","5306","2024","2024-08-01","certified","","2024-09-24"
"160","5539","2024","2024-08-24","first_class","",""
"161","5596","2024","2024-08-12","first_class","",""
"162","5662","2024","2024-08-25","first_class","2024-09-17",""
"163","5873","2024","2024-08-27","first_class","",""
"164","5935","2024","2024-08-03","first_class","",""
"165","6026","2024","2024-08-23","certified","",""
"166","6039","2024","2024-08-25","first_class","",""
"167","6068","2024","2024-08-10","first_class","",""
"168","6156","2024","2024-08-09","first_class","",""
"169","6182","2024","2024-08-25","first_class","",""
"170","6261","2024","2024-08-20","first_class","","2024-09-17"
"171","6274","2024","2024-08-15","first_class","2024-09-08",""
"172","6371","2024","2024-08-15","first_class","",""
"173","6390","2024","2024-08-08","first_class","","2024-08-20"
"174","6531","2024","2024-08-05","first_class","",""
"175","6535","2024","2024-08-18","first_class","",""
"176","6645","2024","2024-08-15","first_class","","2024-08-31"
"177","6650","2024","2024-08-22","first_class","",""
"178","6671","2024","2024-08-14","certified","",""
"179","6687","2024","2024-08-27","first_class","",""
"180","6726","2024","2024-08-18","first_class","",""
"181","6773","2024","2024-08-22","first_class","",""
"182","6924","2024","2024-08-21","first_class","",""
"183","7026","2024","2024-08-26","certified","",""
"184","7031","2024","2024-08-11","first_class","",""
"185","7132","2024","2024-08-25","first_class","",""
"186","7143","2024","2024-08-26","first_class","",""
"187","7239","2024","2024-08-09","first_class","","2024-10-10"
"188","7302","2024","2024-08-21","first_class","",""
"189","7340","2024","2024-08-17","first_class","",""
"190","7365","2024","2024-08-05","first_class","",""
"191","7370","2024","2024-08-02","first_class","",""
"192","7372","2024","2024-08-18","first_class","","2024-09-30"
"193","7420","2024","2024-08-25","first_class","",""
"194","7580","2024","2024-08-25","first_class","",""
"195","7664","2024","2024-08-15","first_class","",""
"196","7703","2024","2024-08-26","first_class","",""
"197","7740","2024","2024-08-18","first_class","",""
"198","7775","2024","2024-08-05","first_class","",""
"199","7806","2024","2024-08-13","first_class","",""
"200","7837","2024","2024-08-04","first_class","",""
"201","7839","2024","2024-08-13","first_class","",""
"202","7929","2024","2024-08-22","first_class","","2024-09-18"
"203","33","2025","2025-08-06","certified","",""
"204","84","2025","2025-08-13","first_class","",""
"205","89","2025","2025-08-19","first_class","","2025-09-21"
"206","102","2025","2025-08-21","first_class","",""
"207","137","2025","2025-08-08","first_class","",""
"208","177","2025","2025-08-06","first_class","",""
"209","209","2025","2025-08-09","first_class","","2025-09-06"
"210","280","2025","2025-08-02","certified","",""
"211","282","2025","2025-08-04","first_class","","2025-09-27"
"212","325","2025","2025-08-01","first_class","","2025-08-08"
"213","332","2025","2025-08-27","first_class","","2025-10-06"
"214","367","2025","2025-08-17","first_class","",""
"215","369","2025","2025-08-22","first_class","",""
"216","379","2025","2025-08-14","first_class","","2025-10-20"
"217","381","2025","2025-08-22","first_class","",""
"218","385","2025","2025-08-01","first_class","","2025-09-15"
"219","397","2025","2025-08-22","first_class","",""
"220","427","2025","2025-08-15","certified","",""
"221","454","2025","2025-08-24","first_class","",""
"222","470","2025","2025-08-19","certified","",""
"223","528","2025","2025-08-14","first_class","","2025-08-28"
"224","597","2025","2025-08-28","first_class","","2025-09-20"
"225","607","2025","2025-08-26","first_class","","2025-10-16"
"226","611","2025","2025-08-20","first_class","",""
"227","632","2025","2025-08-23","certified","",""
"228","636","2025","2025-08-22","first_class","","2025-09-03"
"229","658","2025","2025-08-21","first_class","","2025-08-27"
"230","674","2025","2025-08-15","first_class","",""
"231","804","2025","2025-08-15","first_class","","2025-10-07"
"232","807","2025","2025-08-18","certified","",""
"233","813","2025","2025-08-17","first_class","",""
"234","896","2025","2025-08-09","certified","",""
"235","915","2025","2025-08-28","first_class","",""
"236","919","2025","2025-08-10","first_class","",""
"237","957","2025","2025-08-27","certified","",""
"238","986","2025","2025-08-12","certified","",""
"239","1034","2025","2025-08-26","first_class","",""
"240","1123","2025","2025-08-06","first_class","",""
"241","1233","2025","2025-08-21","first_class","2025-09-29",""
"242","1309","2025","2025-08-03","certified","",""
"243","1311","2025","2025-08-19","first_class","",""
"244","1431","2025","2025-08-23","first_class","",""
"245","1454","2025","2025-08-23","first_class","",""
"246","1487","2025","2025-08-08","first_class","",""
"247","1496","2025","2025-08-14","first_class","2025-09-06",""
"248","1509","2025","2025-08-15","first_class","","2025-10-11"
"249","1512","2025","2025-08-26","certified","2025-09-11",""
"250","1535","2025","2025-08-11","first_class","",""
"251","1540","2025","2025-08-14","certified","",""
"252","1544","2025","2025-08-02","first_class","",""
"253","1599","2025","2025-08-09","first_class","","2025-09-07"
"254","1667","2025","2025-08-12","first_class","",""
"255","1691","2025","2025-08-07","first_class","",""
"256","1723","2025","2025-08-03","first_class","",""
"257","1795","2025","2025-08-18","first_class","",""
"258","1805","2025","2025-08-27","certified","",""
"259","1839","2025","2025-08-15","first_class","2025-09-04",""
"260","1862","2025","2025-08-11","first_class","","2025-08-23"
"261","1936","2025","2025-08-15","first_class","",""
"262","1973","2025","2025-08-16","first_class","",""
"263","1987","2025","2025-08-12","first_class","",""
"264","2048","2025","2025-08-22","first_class","",""
"265","2103","2025","2025-08-24","certified","2025-09-06",""
"266","2122","2025","2025-08-11","first_class","","2025-09-27"
"267","2129","2025","2025-08-03","first_class","",""
"268","2168","2025","2025-08-21","certified","2025-09-24",""
"269","2221","2025","2025-08-25","first_class","",""
"270","2290","2025","2025-08-23","first_class","",""
"271","2311","2025","2025-08-23","first_class","2025-09-12",""
"272","2342","2025","2025-08-28","first_class","",""
"273","2410","2025","2025-08-02","certified","",""
"274","2474","2025","2025-08-04","first_class","","2025-08-11"
"275","2494","2025","2025-08-01","certified","",""
"276","2518","2025","2025-08-20","certified","",""
"277","2594","2025","2025-08-15","first_class","",""
"278","2631","2025","2025-08-14","first_class","","2025-09-01"
"279","2639","2025","2025-08-14","first_class","",""
"280","2679","2025","2025-08-21","first_class","",""
"281","2715","2025","2025-08-01","first_class","",""
"282","2779","2025","2025-08-24","first_class","",""
"283","2793","2025","2025-08-04","first_class","",""
"284","2845","2025","2025-08-07","first_class","",""
"285","2861","2025","2025-08-26","first_class","",""
"286","2882","2025","2025-08-19","first_class","",""
"287","2897","2025","2025-08-21","certified","",""
"288","2899","2025","2025-08-28","first_class","",""
"289","2900","2025","2025-08-20","first_class","","2025-09-08"
"290","2954","2025","2025-08-13","first_class","",""
"291","2992","2025","2025-08-11","certified","",""
"292","2996","2025","2025-08-19","first_class","",""
"293","3021","2025","2025-08-17","first_class","",""
"294","3122","2025","2025-08-05","first_class","","2025-08-26"
"295","3141","2025","2025-08-17","first_class","","2025-09-17"
"296","3227","2025","2025-08-02","first_class","",""
"297","3240","2025","2025-08-17","first_class","",""
"298","3248","2025","2025-08-02","first_class","",""
"299","3301","2025","2025-08-14","first_class","","2025-09-15"
"300","3397","2025","2025-08-13","first_class","",""
"301","3399","2025","2025-08-27","first_class","",""
"302","3556","2025","2025-08-26","first_class","2025-09-04",""
"303","3642","2025","2025-08-03","first_class","",""
"304","3694","2025","2025-08-04","first_class","",""
"305","3741","2025","2025-08-10","first_class","",""
"306","3742","2025","2025-08-20","first_class","",""
"307","3769","2025","2025-08-07","first_class","","2025-10-07"
"308","3812","2025","2025-08-12","first_class","",""
"309","3846","2025","2025-08-26","first_class","","2025-09-23"
"310","4020","2025","2025-08-15","first_class","",""
"311","4050","2025","2025-08-28","first_class","",""
"312","4069","2025","2025-08-07","first_class","",""
"313","4076","2025","2025-08-03","first_class","",""
"314","4085","2025","2025-08-27","first_class","","2025-09-12"
"315","4129","2025","2025-08-23","first_class","",""
"316","4182","2025","2025-08-11","first_class","",""
"317","4230","2025","2025-08-16","first_class","",""
"318","4290","2025","2025-08-20","first_class","","2025-09-18"
"319","4332","2025","2025-08-01","first_class","",""
"320","4353","2025","2025-08-04","first_class","","2025-09-19"
"321","4369","2025","2025-08-11","first_class","",""
"322","4403","2025","2025-08-06","first_class","","2025-09-30"
"323","4479","2025","2025-08-06","first_class","","2025-09-23"
"324","4525","2025","2025-08-14","first_class","",""
"325","4571","2025","2025-08-25","first_class","",""
"326","4598","2025","2025-08-01","first_class","",""
"327","4688","2025","2025-08-26","first_class","",""
"328","4716","2025","2025-08-01","first_class","",""
"329","4727","2025","2025-08-15","first_class","","2025-08-18"
"330","4740","2025","2025-08-21","certified","",""
"331","4751","2025","2025-08-17","certified","",""
"332","4765","2025","2025-08-27","first_class","",""
"333","4788","2025","2025-08-18","first_class","",""
"334","4790","2025","2025-08-03","certified","",""
"335","4852","2025","2025-08-01","first_class","",""
"336","4856","2025","2025-08-16","certified","",""
"337","4862","2025","2025-08-04","first_class","","2025-08-16"
"338","4903","2025","2025-08-06","first_class","",""
"339","4959","2025","2025-08-16","first_class","",""
"340","5058","2025","2025-08-05","first_class","",""
"341","5068","2025","2025-08-07","first_class","",""
"342","5089","2025","2025-08-16","first_class","",""
"343","5093","2025","2025-08-17","first_class","",""
"344","5120","2025","2025-08-19","first_class","",""
"345","5127","2025","2025-08-12","first_class","",""
"346","5161","2025","2025-08-21","first_class","",""
"347","5164","2025","2025-08-21","first_class","",""
"348","5170","2025","2025-08-26","first_class","",""
"349","5180","2025","2025-08-01","first_class","",""
"350","5212","2025","2025-08-01","first_class","",""
"351","5221","2025","2025-08-13","certified","",""
"352","5261","2025","2025-08-05","first_class","",""
"353","5291","2025","2025-08-12","first_class","",""
"354","5317","2025","2025-08-08","first_class","","2025-09-17"
"355","5373","2025","2025-08-01","certified","",""
"356","5451","2025","2025-08-03","first_class","2025-09-01",""
"357","5452","2025","2025-08-08","first_class","",""
"358","5465","2025","2025-08-15","first_class","",""
"359","5489","2025","2025-08-13","first_class","",""
"360","5530","2025","2025-08-09","first_class","",""
"361","5673","2025","2025-08-02","first_class","",""
"362","5705","2025","2025-08-18","first_class","",""
"363","5758","2025","2025-08-01","first_class","",""
"364","5890","2025","2025-08-08","first_class","",""
"365","5891","2025","2025-08-06","first_class","",""
"366","5894","2025","2025-08-14","first_class","","2025-09-15"
"367","6028","2025","2025-08-19","first_class","",""
"368","6078","2025","2025-08-13","first_class","",""
"369","6155","2025","2025-08-17","certified","","2025-08-21"
"370","6169","2025","2025-08-03","first_class","",""
"371","6173","2025","2025-08-16","first_class","",""
"372","6190","2025","2025-08-04","first_class","2025-08-27",""
"373","6217","2025","2025-08-26","certified","2025-10-01",""
"374","6243","2025","2025-08-20","first_class","",""
"375","6272","2025","2025-08-17","first_class","",""
"376","6335","2025","2025-08-13","first_class","",""
"377","6358","2025","2025-08-27","first_class","",""
"378","6385","2025","2025-08-21","first_class","",""
"379","6400","2025","2025-08-27","first_class","",""
"380","6488","2025","2025-08-20","first_class","",""
"381","6498","2025","2025-08-24","first_class","",""
"382","6627","2025","2025-08-16","certified","",""
"383","6690","2025","2025-08-15","first_class","",""
"384","6806","2025","2025-08-15","first_class","",""
"385","6808","2025","2025-08-10","first_class","","2025-10-13"
"386","6822","2025","2025-08-02","first_class","","2025-09-18"
"387","6823","2025","2025-08-26","first_class","",""
"388","6888","2025","2025-08-17","first_class","2025-09-23",""
"389","6907","2025","2025-08-12","first_class","","2025-10-14"
"390","6908","2025","2025-08-27","first_class","",""
"391","6920","2025","2025-08-05","first_class","",""
"392","7009","2025","2025-08-11","first_class","",""
"393","7044","2025","2025-08-11","first_class","",""
"394","7107","2025","2025-08-16","first_class","",""
"395","7111","2025","2025-08-10","first_class","","2025-10-18"
"396","7139","2025","2025-08-19","first_class","",""
"397","7140","2025","2025-08-04","first_class","",""
"398","7183","2025","2025-08-06","first_class","","2025-08-26"
"399","7253","2025","2025-08-13","first_class","",""
"400","7255","2025","2025-08-13","first_class","",""
"401","7268","2025","2025-08-07","first_class","",""
"402","7343","2025","2025-08-12","first_class","",""
"403","7401","2025","2025-08-27","first_class","2025-09-27",""
"404","7402","2025","2025-08-24","first_class","",""
"405","7450","2025","2025-08-10","first_class","","2025-10-14"
"406","7503","2025","2025-08-28","first_class","","2025-09-23"
"407","7541","2025","2025-08-22","first_class","",""
"408","7572","2025","2025-08-05","first_class","",""
"409","7577","2025","2025-08-26","first_class","",""
"410","7617","2025","2025-08-06","first_class","",""
"411","7649","2025","2025-08-13","certified","",""
"412","7745","2025","2025-08-17","first_class","",""
"413","7756","2025","2025-08-13","first_class","2025-09-13",""
"414","7758","2025","2025-08-16","first_class","",""
"415","7776","2025","2025-08-08","first_class","",""
"416","7796","2025","2025-08-09","first_class","",""
"417","7822","2025","2025-08-16","first_class","",""
"418","7831","2025","2025-08-20","first_class","",""
"419","7883","2025","2025-08-15","first_class","",""
"420","7915","2025","2025-08-09","first_class","",""
"421","7939","2025","2025-08-20","first_class","",""
"422","7953","2025","2025-08-04","first_class","",""
