"period_end","gl_account","gl_balance_cents"
"2019-01-31","2110","77191"
"2019-01-31","2115","500"
"2019-01-31","2120","0"
"2019-02-28","2110","164788"
"2019-02-28","2115","8868"
"2019-02-28","2120","0"
"2019-03-31","2110","391380"
"2019-03-31","2115","8440"
"2019-03-31","2120","100000"
"2019-04-30","2110","659360"
"2019-04-30","2115","13339"
"2019-04-30","2120","100000"
"2019-05-31","2110","1036614"
"2019-05-31","2115","17600"
"2019-05-31","2120","150000"
"2019-06-30","2110","1453438"
"2019-06-30","2115","20726"
"2019-06-30","2120","175000"
"2019-07-31","2110","1701675"
"2019-07-31","2115","26238"
"2019-07-31","2120","200000"
"2019-08-31","2110","2072877"
"2019-08-31","2115","31494"
"2019-08-31","2120","225000"
"2019-09-30","2110","2449646"
"2019-09-30","2115","39480"
"2019-09-30","2120","250000"
"2019-10-31","2110","3008745"
"2019-10-31","2115","45689"
"2019-10-31","2120","350000"
"2019-11-30","2110","3412762"
"2019-11-30","2115","52739"
"2019-11-30","2120","425000"
"2019-12-31","2110","3717180"
"2019-12-31","2115","54940"
"2019-12-31","2120","475000"
"2020-01-31","2110","4305121"
"2020-01-31","2115","70064"
"2020-01-31","2120","625000"
"2020-02-29","2110","4562883"
"2020-02-29","2115","77275"
"2020-02-29","2120","750000"
"2020-03-31","2110","4999797"
"2020-03-31","2115","79042"
"2020-03-31","2120","800000"
"2020-04-30","2110","5541488"
"2020-04-30","2115","91217"
"2020-04-30","2120","1100000"
"2020-05-31","2110","6411790"
"2020-05-31","2115","91994"
"2020-05-31","2120","1250000"
"2020-06-30","2110","7252416"
"2020-06-30","2115","110258"
"2020-06-30","2120","1300000"
"2020-07-31","2110","8068467"
"2020-07-31","2115","119838"
"2020-07-31","2120","1475000"
"2020-08-31","2110","8868900"
"2020-08-31","2115","119518"
"2020-08-31","2120","1650000"
"2020-09-30","2110","9619228"
"2020-09-30","2115","133450"
"2020-09-30","2120","1975000"
"2020-10-31","2110","10551757"
"2020-10-31","2115","142314"
"2020-10-31","2120","2150000"
"2020-11-30","2110","11116260"
"2020-11-30","2115","141927"
"2020-11-30","2120","2300000"
"2020-12-31","2110","11979697"
"2020-12-31","2115","156106"
"2020-12-31","2120","2450000"
"2021-01-31","2110","12706435"
"2021-01-31","2115","166690"
"2021-01-31","2120","2575000"
"2021-02-28","2110","13607385"
"2021-02-28","2115","165993"
"2021-02-28","2120","2700000"
"2021-03-31","2110","14367019"
"2021-03-31","2115","166177"
"2021-03-31","2120","3050000"
"2021-04-30","2110","15072203"
"2021-04-30","2115","154829"
"2021-04-30","2120","3375000"
"2021-05-31","2110","15989834"
"2021-05-31","2115","156163"
"2021-05-31","2120","3475000"
"2021-06-30","2110","16693638"
"2021-06-30","2115","149470"
"2021-06-30","2120","3600000"
"2021-07-31","2110","17393104"
"2021-07-31","2115","148007"
"2021-07-31","2120","3925000"
"2021-08-31","2110","18147608"
"2021-08-31","2115","149620"
"2021-08-31","2120","4500000"
"2021-09-30","2110","19078370"
"2021-09-30","2115","152017"
"2021-09-30","2120","4800000"
"2021-10-31","2110","20071480"
"2021-10-31","2115","154389"
"2021-10-31","2120","5200000"
"2021-11-30","2110","20956936"
"2021-11-30","2115","172265"
"2021-11-30","2120","5350000"
"2021-12-31","2110","22007442"
"2021-12-31","2115","164101"
"2021-12-31","2120","5950000"
"2022-01-31","2110","22702232"
"2022-01-31","2115","163959"
"2022-01-31","2120","6425000"
"2022-02-28","2110","23658975"
"2022-02-28","2115","160351"
"2022-02-28","2120","6875000"
"2022-03-31","2110","24498076"
"2022-03-31","2115","163637"
"2022-03-31","2120","7575000"
"2022-04-30","2110","25624856"
"2022-04-30","2115","191795"
"2022-04-30","2120","7650000"
"2022-05-31","2110","26601205"
"2022-05-31","2115","193687"
"2022-05-31","2120","7900000"
"2022-06-30","2110","27465449"
"2022-06-30","2115","198642"
"2022-06-30","2120","8225000"
"2022-07-31","2110","28403356"
"2022-07-31","2115","207241"
"2022-07-31","2120","8650000"
"2022-08-31","2110","29143035"
"2022-08-31","2115","225749"
"2022-08-31","2120","8925000"
"2022-09-30","2110","29963245"
"2022-09-30","2115","221577"
"2022-09-30","2120","9350000"
"2022-10-31","2110","31318536"
"2022-10-31","2115","230998"
"2022-10-31","2120","9875000"
"2022-11-30","2110","31992283"
"2022-11-30","2115","244082"
"2022-11-30","2120","10425000"
"2022-12-31","2110","33699897"
"2022-12-31","2115","249980"
"2022-12-31","2120","10675000"
"2023-01-31","2110","34796215"
"2023-01-31","2115","258740"
"2023-01-31","2120","11125000"
"2023-02-28","2110","35854969"
"2023-02-28","2115","268771"
"2023-02-28","2120","11325000"
"2023-03-31","2110","37535059"
"2023-03-31","2115","279165"
"2023-03-31","2120","11625000"
"2023-04-30","2110","38611924"
"2023-04-30","2115","273704"
"2023-04-30","2120","12300000"
"2023-05-31","2110","39573958"
"2023-05-31","2115","269056"
"2023-05-31","2120","12525000"
"2023-06-30","2110","40921896"
"2023-06-30","2115","259315"
"2023-06-30","2120","12950000"
"2023-07-31","2110","41898137"
"2023-07-31","2115","265692"
"2023-07-31","2120","13825000"
"2023-08-31","2110","43005171"
"2023-08-31","2115","258391"
"2023-08-31","2120","14300000"
"2023-09-30","2110","44656025"
"2023-09-30","2115","272527"
"2023-09-30","2120","14525000"
"2023-10-31","2110","46175569"
"2023-10-31","2115","260851"
"2023-10-31","2120","14675000"
"2023-11-30","2110","47409829"
"2023-11-30","2115","267322"
"2023-11-30","2120","14975000"
"2023-12-31","2110","48587585"
"2023-12-31","2115","270960"
"2023-12-31","2120","15700000"
"2024-01-31","2110","49601230"
"2024-01-31","2115","288004"
"2024-01-31","2120","16225000"
"2024-02-29","2110","50667304"
"2024-02-29","2115","272885"
"2024-02-29","2120","16925000"
"2024-03-31","2110","52096844"
"2024-03-31","2115","275120"
"2024-03-31","2120","16950000"
"2024-04-30","2110","53519990"
"2024-04-30","2115","287265"
"2024-04-30","2120","17225000"
"2024-05-31","2110","54767294"
"2024-05-31","2115","300182"
"2024-05-31","2120","17800000"
"2024-06-30","2110","55726034"
"2024-06-30","2115","298788"
"2024-06-30","2120","18275000"
"2024-07-31","2110","57211686"
"2024-07-31","2115","317228"
"2024-07-31","2120","18550000"
"2024-08-31","2110","58136501"
"2024-08-31","2115","332206"
"2024-08-31","2120","19200000"
"2024-09-30","2110","59933377"
"2024-09-30","2115","353230"
"2024-09-30","2120","19250000"
"2024-10-31","2110","61412304"
"2024-10-31","2115","367221"
"2024-10-31","2120","19350000"
"2024-11-30","2110","63031680"
"2024-11-30","2115","372096"
"2024-11-30","2120","19850000"
"2024-12-31","2110","64971290"
"2024-12-31","2115","396191"
"2024-12-31","2120","21000000"
"2025-01-31","2110","66275302"
"2025-01-31","2115","384173"
"2025-01-31","2120","22025000"
"2025-02-28","2110","67963152"
"2025-02-28","2115","381707"
"2025-02-28","2120","23125000"
"2025-03-31","2110","69254443"
"2025-03-31","2115","387259"
"2025-03-31","2120","23800000"
"2025-04-30","2110","70523474"
"2025-04-30","2115","396596"
"2025-04-30","2120","24250000"
"2025-05-31","2110","71885854"
"2025-05-31","2115","393815"
"2025-05-31","2120","24925000"
"2025-06-30","2110","73772816"
"2025-06-30","2115","414280"
"2025-06-30","2120","26125000"
"2025-07-31","2110","75403103"
"2025-07-31","2115","422264"
"2025-07-31","2120","27125000"
"2025-08-31","2110","77361669"
"2025-08-31","2115","422244"
"2025-08-31","2120","28125000"
"2025-09-30","2110","78597630"
"2025-09-30","2115","420322"
"2025-09-30","2120","28825000"
"2025-10-31","2110","80094275"
"2025-10-31","2115","416129"
"2025-10-31","2120","29325000"
"2025-11-30","2110","81551437"
"2025-11-30","2115","422725"
"2025-11-30","2120","30600000"
"2025-12-31","2110","82983282"
"2025-12-31","2115","412263"
"2025-12-31","2120","31500000"
"2026-01-31","2110","84480029"
"2026-01-31","2115","410328"
"2026-01-31","2120","33175000"
"2026-02-28","2110","85963702"
"2026-02-28","2115","415776"
"2026-02-28","2120","34600000"
"2026-03-31","2110","87692995"
"2026-03-31","2115","1581151"
"2026-03-31","2120","35025000"
"2026-04-30","2110","89320456"
"2026-04-30","2115","2715547"
"2026-04-30","2120","36175000"
"2026-05-31","2110","91201444"
"2026-05-31","2115","3840907"
"2026-05-31","2120","37500000"
"2026-06-30","2110","92312439"
"2026-06-30","2115","4607895"
"2026-06-30","2120","38075000"
