"reservation_id","driver_id","placed_on","model"
"1","2542","2025-02-25","SM-Pickup"
"2","1111","2025-04-05","SM-1 Sedan"
"3","2721","2026-04-06","SM-Pickup"
"4","1414","2025-05-28","SM-2 Crossover"
"5","254","2024-09-07","SM-2 Crossover"
"6","3084","2026-03-11","SM-2 Crossover"
"7","5062","2025-10-29","SM-Pickup"
"8","4916","2021-05-05","SM-Pickup"
"9","2390","2025-02-25","SM-2 Crossover"
"10","276","2025-10-27","SM-Pickup"
"11","3740","2024-01-21","SM-2 Crossover"
"12","504","2025-09-14","SM-2 Crossover"
"13","3573","2021-09-05","SM-1 Sedan"
"14","7544","2026-03-25","SM-2 Crossover"
"15","2186","2026-05-12","SM-Pickup"
"16","6816","2026-04-19","SM-1 Sedan"
"17","3979","2026-06-06","SM-2 Crossover"
"18","5081","2023-03-25","SM-1 Sedan"
"19","3650","2022-12-14","SM-2 Crossover"
"20","807","2020-05-26","SM-Pickup"
"21","3675","2024-06-24","SM-Pickup"
"22","4366","2023-12-29","SM-2 Crossover"
"23","821","2023-01-03","SM-Pickup"
"24","5417","2023-08-23","SM-1 Sedan"
"25","5331","2022-05-15","SM-1 Sedan"
"26","5990","2026-05-17","SM-Pickup"
"27","3883","2022-12-30","SM-2 Crossover"
"28","7440","2025-12-25","SM-2 Crossover"
"29","5942","2025-01-14","SM-2 Crossover"
"30","2532","2024-06-22","SM-1 Sedan"
"31","4312","2025-07-25","SM-2 Crossover"
"32","968","2025-03-25","SM-2 Crossover"
"33","4901","2025-11-21","SM-1 Sedan"
"34","7386","2026-02-21","SM-2 Founders"
"35","1582","2020-12-24","SM-2 Crossover"
"36","1386","2023-08-28","SM-2 Founders"
"37","4079","2021-05-11","SM-1 Sedan"
"38","172","2026-03-23","SM-1 Sedan"
"39","3175","2025-10-09","SM-2 Crossover"
"40","4813","2026-06-08","SM-Pickup"
"41","2558","2024-10-25","SM-2 Crossover"
"42","3754","2025-08-25","SM-1 Sedan"
"43","4532","2024-10-01","SM-2 Founders"
"44","1236","2024-12-06","SM-1 Sedan"
"45","3445","2026-05-22","SM-1 Sedan"
"46","7100","2025-11-26","SM-2 Crossover"
"47","7507","2022-01-30","SM-2 Founders"
"48","594","2024-03-05","SM-Pickup"
"49","934","2023-02-04","SM-1 Sedan"
"50","1703","2023-04-21","SM-2 Crossover"
"51","2194","2026-01-14","SM-1 Sedan"
"52","3752","2025-06-10","SM-Pickup"
"53","798","2026-04-24","SM-1 Sedan"
"54","1420","2024-09-01","SM-2 Crossover"
"55","2704","2025-08-10","SM-2 Crossover"
"56","1686","2025-05-08","SM-2 Founders"
"57","65","2025-08-15","SM-Pickup"
"58","438","2025-02-09","SM-2 Crossover"
"59","4102","2021-05-01","SM-2 Crossover"
"60","2503","2025-03-02","SM-Pickup"
"61","378","2025-01-20","SM-2 Crossover"
"62","6141","2026-03-06","SM-2 Crossover"
"63","75","2023-11-23","SM-1 Sedan"
"64","6945","2023-08-18","SM-2 Crossover"
"65","6071","2026-01-23","SM-Pickup"
"66","4137","2026-02-05","SM-2 Crossover"
"67","2965","2025-04-03","SM-2 Crossover"
"68","1085","2021-09-09","SM-1 Sedan"
"69","6505","2026-02-05","SM-1 Sedan"
"70","4452","2026-06-05","SM-1 Sedan"
"71","7976","2022-11-05","SM-Pickup"
"72","5053","2025-11-05","SM-2 Crossover"
"73","4095","2021-12-22","SM-1 Sedan"
"74","7502","2024-10-21","SM-1 Sedan"
"75","5351","2025-10-16","SM-2 Crossover"
"76","4771","2026-01-21","SM-2 Founders"
"77","1996","2023-05-21","SM-1 Sedan"
"78","3863","2026-04-21","SM-1 Sedan"
"79","1924","2024-03-08","SM-1 Sedan"
"80","4322","2024-04-30","SM-1 Sedan"
"81","7108","2025-01-20","SM-2 Crossover"
"82","7908","2025-11-26","SM-1 Sedan"
"83","4371","2025-01-26","SM-2 Crossover"
"84","3822","2025-11-20","SM-2 Crossover"
"85","549","2023-04-17","SM-Pickup"
"86","2202","2024-01-13","SM-2 Crossover"
"87","6469","2025-10-18","SM-Pickup"
"88","6368","2024-09-02","SM-2 Crossover"
"89","2426","2024-12-30","SM-Pickup"
"90","6198","2024-11-05","SM-1 Sedan"
"91","4323","2021-01-21","SM-2 Crossover"
"92","1178","2021-05-20","SM-1 Sedan"
"93","5517","2022-10-17","SM-2 Founders"
"94","2881","2026-06-22","SM-Pickup"
"95","7752","2022-01-24","SM-2 Crossover"
"96","753","2025-04-06","SM-Pickup"
"97","6105","2023-08-30","SM-1 Sedan"
"98","7095","2024-10-25","SM-1 Sedan"
"99","2166","2020-11-03","SM-Pickup"
"100","7486","2024-01-15","SM-1 Sedan"
"101","309","2026-02-07","SM-2 Founders"
"102","6427","2025-11-29","SM-1 Sedan"
"103","1463","2025-09-26","SM-2 Crossover"
"104","4180","2022-02-01","SM-2 Crossover"
"105","4737","2024-03-16","SM-1 Sedan"
"106","4460","2022-11-24","SM-1 Sedan"
"107","1061","2025-12-28","SM-Pickup"
"108","5117","2022-03-30","SM-1 Sedan"
"109","7817","2026-05-09","SM-2 Crossover"
"110","2405","2023-04-22","SM-2 Crossover"
"111","7379","2025-11-27","SM-2 Founders"
"112","2866","2025-06-14","SM-2 Crossover"
"113","3417","2020-04-23","SM-2 Crossover"
"114","6390","2021-02-18","SM-1 Sedan"
"115","6216","2023-05-12","SM-2 Crossover"
"116","3727","2023-01-29","SM-1 Sedan"
"117","3446","2026-02-16","SM-1 Sedan"
"118","1566","2022-07-24","SM-2 Crossover"
"119","7099","2024-12-09","SM-2 Crossover"
"120","5063","2025-06-02","SM-2 Crossover"
"121","7120","2026-02-18","SM-1 Sedan"
"122","6531","2021-04-13","SM-2 Crossover"
"123","545","2021-04-06","SM-1 Sedan"
"124","3113","2025-10-14","SM-2 Crossover"
"125","1134","2025-03-21","SM-2 Crossover"
"126","2294","2025-07-28","SM-1 Sedan"
"127","6966","2023-07-07","SM-2 Founders"
"128","1569","2024-08-12","SM-2 Crossover"
"129","2086","2026-05-26","SM-1 Sedan"
"130","3062","2025-06-09","SM-Pickup"
"131","787","2025-02-27","SM-2 Crossover"
"132","4602","2023-09-04","SM-2 Crossover"
"133","4800","2025-10-31","SM-Pickup"
"134","7518","2025-05-01","SM-1 Sedan"
"135","748","2023-05-03","SM-2 Crossover"
"136","2724","2025-06-08","SM-1 Sedan"
"137","2134","2023-08-21","SM-Pickup"
"138","7533","2025-02-03","SM-2 Founders"
"139","7499","2021-11-11","SM-Pickup"
"140","6080","2021-08-05","SM-1 Sedan"
"141","5459","2026-04-26","SM-2 Crossover"
"142","1788","2024-08-30","SM-2 Crossover"
"143","1455","2024-12-03","SM-2 Crossover"
"144","7005","2020-01-28","SM-2 Crossover"
"145","6841","2025-11-28","SM-Pickup"
"146","5785","2024-08-01","SM-1 Sedan"
"147","7255","2021-03-16","SM-1 Sedan"
"148","5231","2025-12-20","SM-1 Sedan"
"149","4995","2020-07-04","SM-Pickup"
"150","2148","2023-12-19","SM-2 Crossover"
"151","3668","2026-03-02","SM-1 Sedan"
"152","3742","2023-05-09","SM-2 Crossover"
"153","2451","2024-04-08","SM-1 Sedan"
"154","3857","2020-04-28","SM-2 Crossover"
"155","2205","2022-12-15","SM-Pickup"
"156","5370","2024-12-09","SM-Pickup"
"157","4745","2023-03-20","SM-1 Sedan"
"158","5166","2025-01-12","SM-1 Sedan"
"159","5418","2023-05-11","SM-Pickup"
"160","1917","2025-01-30","SM-2 Crossover"
"161","7298","2024-07-27","SM-2 Crossover"
"162","1570","2021-08-11","SM-2 Founders"
"163","1877","2024-10-05","SM-2 Crossover"
"164","1327","2025-10-09","SM-2 Crossover"
"165","2894","2022-10-06","SM-Pickup"
"166","3414","2024-10-18","SM-2 Crossover"
"167","63","2026-05-11","SM-2 Founders"
"168","6691","2024-03-31","SM-2 Crossover"
"169","6799","2026-03-04","SM-1 Sedan"
"170","6654","2025-04-04","SM-2 Crossover"
"171","1577","2021-12-09","SM-2 Founders"
"172","323","2026-01-08","SM-1 Sedan"
"173","299","2023-02-19","SM-1 Sedan"
"174","1378","2026-01-12","SM-1 Sedan"
"175","7323","2022-10-06","SM-2 Crossover"
"176","1600","2026-03-26","SM-Pickup"
"177","5486","2024-07-18","SM-1 Sedan"
"178","5700","2025-10-25","SM-1 Sedan"
"179","3507","2022-02-21","SM-2 Crossover"
"180","4638","2026-01-13","SM-2 Crossover"
"181","2472","2025-11-13","SM-1 Sedan"
"182","3397","2021-09-09","SM-1 Sedan"
"183","7181","2024-08-01","SM-1 Sedan"
"184","908","2025-05-06","SM-2 Crossover"
"185","6095","2023-11-17","SM-2 Crossover"
"186","7736","2024-01-13","SM-1 Sedan"
"187","7780","2024-09-26","SM-2 Crossover"
"188","5884","2025-06-17","SM-Pickup"
"189","1497","2026-06-03","SM-1 Sedan"
"190","6352","2026-03-21","SM-2 Crossover"
"191","5600","2025-04-16","SM-1 Sedan"
"192","4234","2025-07-11","SM-2 Founders"
"193","6053","2025-07-18","SM-1 Sedan"
"194","700","2022-08-24","SM-2 Crossover"
"195","2440","2026-06-15","SM-2 Crossover"
"196","7756","2022-10-14","SM-1 Sedan"
"197","5514","2024-10-23","SM-2 Crossover"
"198","1251","2025-07-29","SM-2 Crossover"
"199","7327","2026-02-27","SM-1 Sedan"
"200","3403","2024-04-06","SM-2 Crossover"
"201","7101","2022-02-09","SM-1 Sedan"
"202","5550","2022-11-04","SM-2 Founders"
"203","5795","2023-04-06","SM-1 Sedan"
"204","6657","2022-11-10","SM-2 Founders"
"205","891","2023-08-23","SM-2 Crossover"
"206","2659","2026-03-04","SM-1 Sedan"
"207","893","2025-12-28","SM-2 Founders"
"208","1923","2026-04-08","SM-Pickup"
"209","4612","2026-06-06","SM-1 Sedan"
"210","2771","2024-08-25","SM-2 Crossover"
"211","5994","2026-02-10","SM-1 Sedan"
"212","7403","2026-01-20","SM-2 Crossover"
"213","6724","2024-11-07","SM-1 Sedan"
"214","6521","2023-11-15","SM-2 Crossover"
"215","1565","2025-02-24","SM-1 Sedan"
"216","6179","2026-01-07","SM-Pickup"
"217","6028","2024-08-29","SM-Pickup"
"218","7645","2025-07-13","SM-2 Crossover"
"219","665","2024-03-31","SM-2 Crossover"
"220","1430","2025-03-30","SM-1 Sedan"
"221","45","2025-10-26","SM-1 Sedan"
"222","5046","2023-06-17","SM-1 Sedan"
"223","7606","2022-10-05","SM-2 Founders"
"224","279","2020-10-14","SM-1 Sedan"
"225","1244","2025-04-09","SM-1 Sedan"
"226","6497","2023-04-16","SM-Pickup"
"227","1650","2025-11-21","SM-1 Sedan"
"228","6219","2023-03-24","SM-Pickup"
"229","4420","2024-10-03","SM-Pickup"
"230","677","2024-06-07","SM-1 Sedan"
"231","4792","2024-11-13","SM-Pickup"
"232","7575","2026-02-03","SM-1 Sedan"
"233","835","2024-06-21","SM-2 Crossover"
"234","781","2021-10-28","SM-1 Sedan"
"235","3815","2026-06-23","SM-Pickup"
"236","5829","2026-03-15","SM-2 Crossover"
"237","6036","2025-12-27","SM-Pickup"
"238","3598","2023-06-14","SM-Pickup"
"239","1547","2024-10-11","SM-2 Crossover"
"240","2665","2025-09-19","SM-1 Sedan"
"241","6264","2024-06-02","SM-1 Sedan"
"242","392","2024-06-29","SM-1 Sedan"
"243","2902","2025-05-10","SM-Pickup"
"244","4055","2020-12-25","SM-1 Sedan"
"245","3947","2022-04-15","SM-1 Sedan"
"246","767","2024-10-20","SM-Pickup"
"247","318","2026-03-06","SM-1 Sedan"
"248","6109","2023-07-10","SM-2 Crossover"
"249","3538","2025-06-26","SM-1 Sedan"
"250","5123","2023-12-04","SM-2 Crossover"
"251","7138","2020-09-08","SM-2 Crossover"
"252","5235","2023-11-10","SM-2 Crossover"
"253","2414","2023-08-12","SM-1 Sedan"
"254","1965","2023-04-26","SM-1 Sedan"
"255","7358","2025-10-18","SM-1 Sedan"
"256","854","2023-06-07","SM-Pickup"
"257","95","2024-05-27","SM-1 Sedan"
"258","4440","2024-08-23","SM-1 Sedan"
"259","820","2023-03-14","SM-2 Crossover"
"260","437","2024-11-25","SM-2 Crossover"
"261","2061","2020-05-22","SM-2 Crossover"
"262","716","2023-12-26","SM-1 Sedan"
"263","6236","2026-01-30","SM-1 Sedan"
"264","7790","2026-03-22","SM-2 Crossover"
"265","4273","2023-07-08","SM-1 Sedan"
"266","5528","2020-02-06","SM-1 Sedan"
"267","2044","2024-06-01","SM-1 Sedan"
"268","2722","2024-05-29","SM-1 Sedan"
"269","2345","2024-03-19","SM-1 Sedan"
"270","7945","2025-12-01","SM-Pickup"
"271","394","2024-06-17","SM-1 Sedan"
"272","3786","2023-11-22","SM-2 Crossover"
"273","4294","2026-04-06","SM-2 Crossover"
"274","5119","2025-11-05","SM-2 Crossover"
"275","7360","2026-06-06","SM-2 Crossover"
"276","3045","2020-09-17","SM-Pickup"
"277","5630","2026-01-21","SM-Pickup"
"278","5016","2024-01-09","SM-1 Sedan"
"279","5372","2026-03-04","SM-1 Sedan"
"280","2908","2023-01-06","SM-1 Sedan"
"281","922","2024-12-20","SM-1 Sedan"
"282","5496","2024-10-06","SM-1 Sedan"
"283","632","2022-06-21","SM-1 Sedan"
"284","3846","2023-07-02","SM-1 Sedan"
"285","2643","2022-03-24","SM-2 Founders"
"286","5141","2026-05-07","SM-1 Sedan"
"287","7208","2024-08-03","SM-1 Sedan"
"288","2125","2026-01-08","SM-Pickup"
"289","3254","2025-04-27","SM-2 Crossover"
"290","1102","2022-01-30","SM-Pickup"
"291","6078","2023-11-08","SM-1 Sedan"
"292","6649","2026-01-22","SM-1 Sedan"
"293","5590","2026-03-06","SM-Pickup"
"294","7109","2025-11-17","SM-2 Founders"
"295","1514","2024-12-20","SM-1 Sedan"
"296","5867","2022-12-09","SM-1 Sedan"
"297","6121","2023-05-02","SM-Pickup"
"298","3050","2023-03-18","SM-2 Crossover"
"299","7030","2021-01-01","SM-2 Crossover"
"300","7943","2023-04-05","SM-1 Sedan"
"301","5667","2023-05-28","SM-2 Crossover"
"302","408","2025-01-25","SM-2 Crossover"
"303","1787","2025-10-12","SM-Pickup"
"304","7811","2026-02-11","SM-Pickup"
"305","7219","2024-03-29","SM-2 Crossover"
"306","1052","2023-04-06","SM-1 Sedan"
"307","5635","2024-07-07","SM-1 Sedan"
"308","2408","2024-12-09","SM-2 Crossover"
"309","7070","2024-02-09","SM-1 Sedan"
"310","7683","2025-08-08","SM-Pickup"
"311","4626","2025-03-03","SM-1 Sedan"
"312","7590","2025-04-07","SM-1 Sedan"
"313","5592","2024-10-25","SM-1 Sedan"
"314","7538","2023-12-16","SM-2 Founders"
"315","7203","2025-06-26","SM-2 Crossover"
"316","3561","2026-02-20","SM-1 Sedan"
"317","4141","2024-08-10","SM-2 Crossover"
"318","2379","2025-08-24","SM-1 Sedan"
"319","5919","2025-06-21","SM-2 Founders"
"320","811","2026-06-14","SM-1 Sedan"
"321","617","2022-03-13","SM-1 Sedan"
"322","870","2026-01-23","SM-1 Sedan"
"323","4832","2025-09-07","SM-1 Sedan"
"324","5138","2025-05-02","SM-2 Crossover"
"325","861","2021-09-19","SM-Pickup"
"326","7941","2023-12-11","SM-Pickup"
"327","38","2025-02-09","SM-2 Crossover"
"328","4598","2023-01-08","SM-Pickup"
"329","3779","2022-08-13","SM-2 Crossover"
"330","2351","2025-02-21","SM-1 Sedan"
"331","7753","2023-09-30","SM-Pickup"
"332","896","2023-09-27","SM-2 Founders"
"333","829","2022-06-11","SM-2 Crossover"
"334","4593","2026-04-22","SM-1 Sedan"
"335","235","2025-05-19","SM-2 Crossover"
"336","6021","2025-10-16","SM-2 Crossover"
"337","137","2021-09-03","SM-Pickup"
"338","7278","2021-07-14","SM-1 Sedan"
"339","1408","2023-07-16","SM-1 Sedan"
"340","2204","2023-12-10","SM-1 Sedan"
"341","1722","2024-05-20","SM-2 Crossover"
"342","4253","2025-12-02","SM-2 Crossover"
"343","2501","2026-06-23","SM-1 Sedan"
"344","7329","2024-11-04","SM-1 Sedan"
"345","1971","2025-08-30","SM-2 Crossover"
"346","5683","2025-03-13","SM-1 Sedan"
"347","362","2024-02-07","SM-1 Sedan"
"348","519","2020-12-24","SM-1 Sedan"
"349","5613","2025-08-14","SM-2 Crossover"
"350","5326","2025-05-07","SM-1 Sedan"
"351","7192","2026-02-03","SM-2 Crossover"
"352","6424","2023-01-18","SM-2 Crossover"
"353","3638","2024-05-20","SM-1 Sedan"
"354","6936","2026-06-11","SM-1 Sedan"
"355","6286","2024-07-10","SM-2 Crossover"
"356","66","2023-03-22","SM-Pickup"
"357","7720","2024-10-06","SM-2 Crossover"
"358","7225","2025-12-22","SM-2 Crossover"
"359","3212","2025-09-14","SM-2 Founders"
"360","572","2026-04-27","SM-1 Sedan"
"361","6767","2026-03-30","SM-2 Crossover"
"362","3144","2026-02-22","SM-1 Sedan"
"363","3721","2021-06-18","SM-1 Sedan"
"364","5182","2026-06-13","SM-1 Sedan"
"365","4572","2024-09-08","SM-2 Crossover"
"366","5917","2024-01-23","SM-1 Sedan"
"367","1628","2026-03-21","SM-Pickup"
"368","962","2025-01-29","SM-1 Sedan"
"369","4469","2021-06-03","SM-Pickup"
"370","4115","2020-04-06","SM-2 Crossover"
"371","5443","2026-04-07","SM-1 Sedan"
"372","645","2025-04-16","SM-2 Crossover"
"373","3336","2026-01-23","SM-2 Crossover"
"374","4773","2021-08-28","SM-2 Founders"
"375","4844","2021-10-26","SM-Pickup"
"376","3052","2026-04-25","SM-2 Crossover"
"377","4161","2022-01-22","SM-2 Crossover"
"378","5084","2021-09-04","SM-1 Sedan"
"379","5253","2023-10-07","SM-1 Sedan"
"380","5344","2025-12-27","SM-1 Sedan"
"381","7980","2019-12-22","SM-Pickup"
"382","3225","2021-11-23","SM-2 Crossover"
"383","2586","2025-06-14","SM-1 Sedan"
"384","3289","2023-04-12","SM-1 Sedan"
"385","2218","2022-08-22","SM-1 Sedan"
"386","5587","2022-08-14","SM-1 Sedan"
"387","3344","2024-05-27","SM-1 Sedan"
"388","6542","2026-04-20","SM-2 Founders"
"389","4154","2023-01-13","SM-2 Crossover"
"390","3418","2025-08-19","SM-Pickup"
"391","4044","2026-06-15","SM-2 Crossover"
"392","2806","2024-04-08","SM-1 Sedan"
"393","5777","2022-10-07","SM-1 Sedan"
"394","5343","2021-08-26","SM-2 Crossover"
"395","416","2023-05-12","SM-Pickup"
"396","6067","2023-02-18","SM-1 Sedan"
"397","1393","2026-03-22","SM-1 Sedan"
"398","4381","2023-05-10","SM-1 Sedan"
"399","1339","2026-03-11","SM-2 Crossover"
"400","4345","2026-03-07","SM-1 Sedan"
"401","6488","2022-06-26","SM-1 Sedan"
"402","2690","2024-08-18","SM-1 Sedan"
"403","876","2022-11-01","SM-1 Sedan"
"404","6672","2025-09-08","SM-2 Crossover"
"405","7048","2022-07-07","SM-2 Crossover"
"406","5866","2022-07-15","SM-2 Founders"
"407","6751","2025-06-25","SM-1 Sedan"
"408","7903","2025-10-29","SM-1 Sedan"
"409","7275","2024-02-21","SM-2 Founders"
"410","2145","2025-02-09","SM-Pickup"
"411","7292","2026-04-27","SM-1 Sedan"
"412","776","2025-10-02","SM-2 Crossover"
"413","2797","2025-01-28","SM-Pickup"
"414","1698","2026-04-26","SM-Pickup"
"415","5660","2022-06-13","SM-1 Sedan"
"416","5888","2020-04-04","SM-1 Sedan"
"417","8000","2024-09-08","SM-1 Sedan"
"418","3290","2026-01-18","SM-Pickup"
"419","1319","2022-07-03","SM-2 Crossover"
"420","3233","2021-05-31","SM-2 Crossover"
"421","7416","2024-05-03","SM-2 Crossover"
"422","7417","2023-07-22","SM-1 Sedan"
"423","3715","2025-02-12","SM-1 Sedan"
"424","3458","2025-11-11","SM-1 Sedan"
"425","1303","2022-12-08","SM-2 Crossover"
"426","2807","2025-05-26","SM-Pickup"
"427","6215","2024-05-04","SM-1 Sedan"
"428","1603","2025-09-07","SM-2 Founders"
"429","6422","2025-10-27","SM-1 Sedan"
"430","6989","2021-12-21","SM-1 Sedan"
"431","3283","2025-09-11","SM-1 Sedan"
"432","5223","2024-05-28","SM-2 Founders"
"433","3758","2024-07-09","SM-2 Founders"
"434","4508","2026-04-04","SM-2 Founders"
"435","4828","2026-04-15","SM-2 Founders"
"436","5510","2021-07-05","SM-2 Crossover"
"437","3903","2024-06-05","SM-2 Crossover"
"438","5457","2026-02-15","SM-2 Crossover"
"439","500","2022-02-12","SM-1 Sedan"
"440","5072","2025-09-03","SM-2 Crossover"
"441","3835","2024-10-30","SM-1 Sedan"
"442","2540","2026-06-12","SM-Pickup"
"443","3503","2024-11-04","SM-1 Sedan"
"444","6318","2024-01-09","SM-1 Sedan"
"445","3121","2021-12-10","SM-2 Crossover"
"446","5371","2025-05-12","SM-1 Sedan"
"447","4271","2024-07-20","SM-Pickup"
"448","7625","2026-02-22","SM-1 Sedan"
"449","2639","2022-09-10","SM-2 Crossover"
"450","865","2026-05-12","SM-2 Founders"
"451","7401","2022-03-24","SM-2 Crossover"
"452","6577","2026-06-13","SM-Pickup"
"453","4935","2024-12-26","SM-1 Sedan"
"454","4720","2022-08-20","SM-1 Sedan"
"455","7987","2022-10-10","SM-1 Sedan"
"456","2603","2024-09-14","SM-1 Sedan"
"457","7166","2026-05-08","SM-1 Sedan"
"458","5404","2024-02-01","SM-1 Sedan"
"459","1294","2021-07-11","SM-2 Founders"
"460","6486","2024-01-24","SM-2 Crossover"
"461","1046","2025-01-24","SM-2 Crossover"
"462","903","2024-11-16","SM-2 Crossover"
"463","419","2021-01-11","SM-2 Crossover"
"464","6392","2024-12-26","SM-2 Crossover"
"465","7438","2023-01-03","SM-2 Crossover"
"466","1163","2025-11-08","SM-Pickup"
"467","4994","2025-07-09","SM-1 Sedan"
"468","974","2026-06-08","SM-Pickup"
"469","3441","2022-09-10","SM-2 Crossover"
"470","5589","2023-08-30","SM-1 Sedan"
"471","528","2021-10-01","SM-Pickup"
"472","6671","2020-08-22","SM-1 Sedan"
"473","3642","2023-09-04","SM-1 Sedan"
"474","5556","2023-01-07","SM-1 Sedan"
"475","3913","2022-07-21","SM-Pickup"
"476","4895","2026-01-10","SM-2 Crossover"
"477","981","2024-07-21","SM-1 Sedan"
"478","160","2025-08-04","SM-2 Crossover"
"479","2557","2020-07-16","SM-1 Sedan"
"480","2140","2024-11-06","SM-1 Sedan"
"481","6640","2025-02-11","SM-1 Sedan"
"482","1449","2023-09-06","SM-Pickup"
"483","11","2024-10-29","SM-1 Sedan"
"484","6627","2022-05-05","SM-1 Sedan"
"485","6419","2023-07-22","SM-2 Founders"
"486","7104","2025-08-01","SM-Pickup"
"487","1609","2024-07-02","SM-1 Sedan"
"488","6441","2023-12-20","SM-2 Crossover"
"489","6939","2023-03-06","SM-1 Sedan"
"490","3462","2022-05-18","SM-2 Crossover"
"491","7122","2024-06-24","SM-1 Sedan"
"492","1833","2022-02-21","SM-2 Crossover"
"493","3898","2025-04-07","SM-2 Crossover"
"494","5801","2026-06-29","SM-Pickup"
"495","2637","2021-12-04","SM-2 Founders"
"496","2674","2023-03-30","SM-Pickup"
"497","4889","2024-06-08","SM-2 Crossover"
"498","7244","2026-06-25","SM-Pickup"
"499","1627","2023-04-08","SM-1 Sedan"
"500","7555","2022-08-20","SM-1 Sedan"
"501","1282","2025-05-06","SM-2 Crossover"
"502","6975","2024-11-09","SM-1 Sedan"
"503","171","2024-07-15","SM-Pickup"
"504","6623","2025-01-02","SM-2 Crossover"
"505","2121","2022-03-26","SM-1 Sedan"
"506","3868","2025-03-01","SM-Pickup"
"507","5831","2025-11-02","SM-2 Crossover"
"508","3028","2023-01-29","SM-1 Sedan"
"509","561","2024-08-02","SM-2 Founders"
"510","134","2026-01-21","SM-1 Sedan"
"511","2300","2022-07-06","SM-1 Sedan"
"512","466","2023-06-06","SM-2 Crossover"
"513","5739","2025-11-06","SM-1 Sedan"
"514","393","2025-03-16","SM-2 Crossover"
"515","35","2022-02-22","SM-1 Sedan"
"516","4359","2025-06-20","SM-1 Sedan"
"517","6576","2022-03-26","SM-1 Sedan"
"518","4252","2025-01-08","SM-Pickup"
"519","7877","2023-05-26","SM-2 Founders"
"520","4552","2024-08-05","SM-Pickup"
"521","1417","2025-06-24","SM-2 Founders"
"522","7452","2022-04-20","SM-Pickup"
"523","4943","2023-11-01","SM-1 Sedan"
"524","7178","2025-04-03","SM-1 Sedan"
"525","3197","2024-12-18","SM-2 Crossover"
"526","1804","2022-09-29","SM-1 Sedan"
"527","1006","2022-12-21","SM-2 Crossover"
"528","71","2025-08-16","SM-1 Sedan"
"529","3224","2024-08-14","SM-1 Sedan"
"530","773","2026-06-04","SM-2 Crossover"
"531","4395","2023-11-17","SM-2 Crossover"
"532","3483","2025-10-20","SM-2 Crossover"
"533","1549","2024-04-10","SM-1 Sedan"
"534","4924","2025-11-17","SM-2 Founders"
"535","1606","2025-11-11","SM-Pickup"
"536","336","2024-02-05","SM-1 Sedan"
"537","643","2021-02-08","SM-1 Sedan"
"538","2989","2025-07-13","SM-2 Crossover"
"539","837","2022-03-25","SM-2 Founders"
"540","671","2022-04-21","SM-Pickup"
"541","7549","2022-02-21","SM-1 Sedan"
"542","1987","2022-06-04","SM-1 Sedan"
"543","3894","2025-04-02","SM-Pickup"
"544","4078","2023-02-20","SM-2 Crossover"
"545","6775","2026-02-04","SM-1 Sedan"
"546","7709","2024-03-25","SM-2 Crossover"
"547","1852","2025-11-09","SM-1 Sedan"
"548","1571","2025-10-06","SM-1 Sedan"
"549","6250","2025-05-27","SM-1 Sedan"
"550","1109","2025-07-29","SM-1 Sedan"
"551","3736","2026-03-16","SM-Pickup"
"552","6844","2025-12-15","SM-2 Founders"
"553","4172","2022-01-29","SM-1 Sedan"
"554","3208","2022-07-05","SM-1 Sedan"
"555","2906","2023-03-11","SM-2 Crossover"
"556","1307","2022-01-01","SM-2 Crossover"
"557","4158","2026-03-18","SM-1 Sedan"
"558","7234","2025-12-06","SM-2 Founders"
"559","3234","2025-04-06","SM-2 Crossover"
"560","1050","2022-11-14","SM-Pickup"
"561","4527","2026-01-10","SM-1 Sedan"
"562","3724","2026-05-28","SM-2 Founders"
"563","1459","2025-02-09","SM-2 Crossover"
"564","1042","2024-07-29","SM-2 Crossover"
"565","1391","2024-02-14","SM-1 Sedan"
"566","1830","2024-10-11","SM-2 Crossover"
"567","2654","2023-01-07","SM-1 Sedan"
"568","2993","2026-03-30","SM-1 Sedan"
"569","6202","2025-07-09","SM-1 Sedan"
"570","1248","2026-01-18","SM-2 Crossover"
"571","2496","2024-07-13","SM-2 Crossover"
"572","2930","2025-02-12","SM-Pickup"
"573","2846","2023-11-26","SM-Pickup"
"574","7759","2024-05-19","SM-2 Crossover"
"575","4639","2022-03-14","SM-1 Sedan"
"576","4840","2022-11-15","SM-2 Crossover"
"577","237","2026-02-23","SM-1 Sedan"
"578","296","2023-05-25","SM-Pickup"
"579","5328","2020-09-13","SM-1 Sedan"
"580","3582","2025-10-28","SM-2 Crossover"
"581","256","2022-07-03","SM-1 Sedan"
"582","518","2024-01-04","SM-2 Crossover"
"583","5585","2023-04-20","SM-2 Crossover"
"584","1905","2026-04-13","SM-1 Sedan"
"585","2006","2024-03-12","SM-2 Crossover"
"586","1300","2026-04-24","SM-1 Sedan"
"587","7771","2026-02-08","SM-2 Crossover"
"588","5584","2022-11-06","SM-Pickup"
"589","6629","2025-01-03","SM-1 Sedan"
"590","2004","2025-06-02","SM-1 Sedan"
"591","1260","2020-09-21","SM-2 Founders"
"592","1890","2025-07-24","SM-2 Crossover"
"593","2385","2023-08-20","SM-2 Crossover"
"594","3047","2024-06-01","SM-Pickup"
"595","2136","2026-05-24","SM-1 Sedan"
"596","6655","2025-07-20","SM-1 Sedan"
"597","3170","2025-08-10","SM-2 Crossover"
"598","3293","2024-05-01","SM-1 Sedan"
"599","7044","2022-08-26","SM-2 Founders"
"600","2401","2023-03-20","SM-2 Crossover"
"601","5572","2026-06-21","SM-1 Sedan"
"602","4174","2025-07-06","SM-1 Sedan"
"603","4304","2025-08-05","SM-Pickup"
"604","1649","2026-02-28","SM-1 Sedan"
"605","2620","2022-09-06","SM-2 Crossover"
"606","3015","2023-06-14","SM-Pickup"
"607","5646","2024-08-20","SM-2 Founders"
"608","1112","2022-03-14","SM-2 Crossover"
"609","771","2024-08-14","SM-2 Crossover"
"610","1003","2024-11-30","SM-1 Sedan"
"611","6165","2020-11-18","SM-Pickup"
"612","4871","2023-05-02","SM-1 Sedan"
"613","3637","2024-10-06","SM-2 Crossover"
"614","127","2026-01-24","SM-1 Sedan"
"615","3382","2025-01-28","SM-1 Sedan"
"616","1908","2025-01-20","SM-1 Sedan"
"617","7950","2024-05-21","SM-2 Crossover"
"618","3243","2024-08-08","SM-2 Founders"
"619","552","2026-02-03","SM-1 Sedan"
"620","3852","2026-02-24","SM-1 Sedan"
"621","5433","2023-11-24","SM-1 Sedan"
"622","566","2025-10-13","SM-2 Crossover"
"623","7552","2021-03-18","SM-1 Sedan"
"624","1504","2024-09-18","SM-1 Sedan"
"625","4758","2023-02-10","SM-1 Sedan"
"626","2513","2026-04-12","SM-1 Sedan"
"627","4145","2025-05-25","SM-1 Sedan"
"628","7620","2025-08-28","SM-Pickup"
"629","179","2022-09-30","SM-1 Sedan"
"630","3188","2025-06-26","SM-Pickup"
"631","82","2026-01-04","SM-1 Sedan"
"632","4473","2022-11-14","SM-1 Sedan"
"633","3551","2025-06-09","SM-2 Crossover"
"634","6942","2025-05-04","SM-Pickup"
"635","7277","2026-02-25","SM-2 Crossover"
"636","6903","2025-03-15","SM-2 Crossover"
"637","1239","2023-10-17","SM-1 Sedan"
"638","5272","2025-06-01","SM-2 Founders"
"639","2068","2023-08-26","SM-Pickup"
"640","3684","2025-02-18","SM-2 Founders"
"641","7868","2025-02-19","SM-1 Sedan"
"642","4978","2024-04-23","SM-2 Founders"
"643","881","2024-07-20","SM-1 Sedan"
"644","1761","2025-03-30","SM-2 Crossover"
"645","949","2025-06-13","SM-2 Crossover"
"646","3014","2022-02-23","SM-1 Sedan"
"647","6481","2024-07-31","SM-Pickup"
"648","774","2019-12-20","SM-Pickup"
"649","3141","2020-05-04","SM-2 Crossover"
"650","2565","2024-08-07","SM-1 Sedan"
"651","2184","2026-04-04","SM-2 Crossover"
"652","6385","2024-04-05","SM-1 Sedan"
"653","7116","2025-11-06","SM-2 Crossover"
"654","5222","2024-01-28","SM-2 Crossover"
"655","2330","2025-08-14","SM-1 Sedan"
"656","661","2020-08-16","SM-1 Sedan"
"657","7924","2025-02-01","SM-1 Sedan"
"658","2839","2022-03-20","SM-Pickup"
"659","6807","2024-03-02","SM-1 Sedan"
"660","6784","2023-12-04","SM-Pickup"
"661","2210","2025-09-17","SM-2 Crossover"
"662","7754","2026-02-10","SM-1 Sedan"
"663","5719","2025-12-06","SM-1 Sedan"
"664","2198","2025-07-08","SM-1 Sedan"
"665","4727","2021-07-26","SM-1 Sedan"
"666","4302","2025-12-29","SM-Pickup"
"667","7317","2024-03-25","SM-Pickup"
"668","5470","2025-08-12","SM-2 Crossover"
"669","2995","2023-07-24","SM-Pickup"
"670","1626","2025-11-23","SM-2 Crossover"
"671","2033","2026-05-04","SM-2 Founders"
"672","622","2025-03-02","SM-Pickup"
"673","6247","2026-06-07","SM-2 Founders"
"674","7448","2022-08-20","SM-2 Crossover"
"675","5929","2022-11-21","SM-2 Crossover"
"676","539","2024-03-01","SM-2 Crossover"
"677","4860","2026-06-21","SM-1 Sedan"
"678","7191","2024-09-24","SM-2 Crossover"
"679","1638","2025-04-21","SM-Pickup"
"680","1668","2023-01-31","SM-Pickup"
"681","5271","2025-07-02","SM-Pickup"
"682","1795","2022-02-10","SM-1 Sedan"
"683","3131","2024-01-13","SM-2 Crossover"
"684","6642","2026-06-05","SM-2 Founders"
"685","3004","2025-06-08","SM-2 Crossover"
"686","5714","2025-01-07","SM-Pickup"
"687","880","2026-01-20","SM-2 Crossover"
"688","88","2026-01-31","SM-2 Founders"
"689","5634","2026-02-28","SM-2 Crossover"
"690","1421","2025-07-14","SM-Pickup"
"691","6851","2025-02-28","SM-1 Sedan"
"692","6411","2024-08-24","SM-2 Founders"
"693","6383","2026-02-26","SM-1 Sedan"
"694","3337","2023-04-17","SM-Pickup"
"695","6437","2025-02-18","SM-1 Sedan"
"696","7338","2024-07-12","SM-1 Sedan"
"697","610","2026-06-24","SM-1 Sedan"
"698","4360","2022-09-23","SM-Pickup"
"699","783","2025-06-21","SM-1 Sedan"
"700","2417","2023-04-13","SM-1 Sedan"
"701","7306","2025-04-14","SM-1 Sedan"
"702","6462","2026-05-06","SM-Pickup"
"703","6536","2025-01-16","SM-1 Sedan"
"704","4164","2023-12-14","SM-1 Sedan"
"705","812","2025-05-29","SM-1 Sedan"
"706","2020","2021-11-15","SM-1 Sedan"
"707","6739","2021-05-28","SM-1 Sedan"
"708","5342","2024-09-04","SM-1 Sedan"
"709","1240","2023-01-14","SM-2 Crossover"
"710","2853","2023-01-02","SM-Pickup"
"711","3253","2025-08-31","SM-2 Founders"
"712","3893","2025-11-08","SM-1 Sedan"
"713","2862","2021-10-15","SM-2 Founders"
"714","7641","2025-02-22","SM-1 Sedan"
"715","4607","2024-09-18","SM-1 Sedan"
"716","562","2022-07-20","SM-1 Sedan"
"717","3759","2025-08-13","SM-Pickup"
"718","1579","2025-11-29","SM-2 Crossover"
"719","6005","2023-11-08","SM-1 Sedan"
"720","923","2022-03-07","SM-2 Crossover"
"721","7899","2022-07-24","SM-2 Founders"
"722","5302","2024-06-29","SM-1 Sedan"
"723","2388","2023-05-02","SM-1 Sedan"
"724","3184","2026-03-17","SM-2 Crossover"
"725","3114","2023-04-29","SM-2 Crossover"
"726","7400","2025-07-30","SM-1 Sedan"
"727","7368","2025-06-04","SM-2 Founders"
"728","2027","2025-01-01","SM-2 Crossover"
"729","6859","2025-04-01","SM-Pickup"
"730","7464","2019-05-04","SM-1 Sedan"
"731","4594","2023-05-15","SM-2 Crossover"
"732","1004","2023-07-13","SM-1 Sedan"
"733","5484","2026-04-03","SM-2 Founders"
"734","1264","2023-05-22","SM-2 Crossover"
"735","1876","2026-02-28","SM-2 Founders"
"736","4815","2025-07-22","SM-1 Sedan"
"737","3450","2025-12-30","SM-2 Crossover"
"738","7199","2026-06-21","SM-1 Sedan"
"739","4424","2026-06-20","SM-1 Sedan"
"740","2014","2025-01-17","SM-Pickup"
"741","1400","2022-03-08","SM-2 Crossover"
"742","6573","2020-08-10","SM-2 Crossover"
"743","1447","2023-07-17","SM-1 Sedan"
"744","2703","2026-02-03","SM-1 Sedan"
"745","3461","2024-07-29","SM-1 Sedan"
"746","2376","2026-04-30","SM-1 Sedan"
"747","4140","2026-05-19","SM-Pickup"
"748","1314","2023-12-06","SM-1 Sedan"
"749","524","2024-06-29","SM-2 Crossover"
"750","4848","2023-06-18","SM-1 Sedan"
"751","5642","2025-11-17","SM-1 Sedan"
"752","5251","2026-04-05","SM-2 Crossover"
"753","6042","2024-10-06","SM-1 Sedan"
"754","556","2023-10-27","SM-2 Crossover"
"755","912","2026-02-04","SM-2 Crossover"
"756","2060","2025-12-02","SM-2 Crossover"
"757","7045","2025-05-15","SM-2 Founders"
"758","300","2022-02-03","SM-1 Sedan"
"759","2010","2025-06-22","SM-1 Sedan"
"760","6900","2023-09-22","SM-2 Crossover"
"761","5706","2022-05-14","SM-1 Sedan"
"762","3853","2025-07-10","SM-2 Crossover"
"763","7902","2024-10-04","SM-1 Sedan"
"764","5679","2026-05-10","SM-2 Crossover"
"765","5588","2024-02-09","SM-1 Sedan"
"766","2845","2023-01-30","SM-Pickup"
"767","1110","2023-04-14","SM-Pickup"
"768","5001","2026-01-30","SM-1 Sedan"
"769","818","2026-05-08","SM-Pickup"
"770","4264","2023-10-24","SM-1 Sedan"
"771","4071","2025-07-09","SM-1 Sedan"
"772","3588","2024-03-05","SM-2 Founders"
"773","1353","2025-03-04","SM-2 Crossover"
"774","2400","2024-01-04","SM-1 Sedan"
"775","6009","2025-07-27","SM-2 Crossover"
"776","5560","2025-06-27","SM-1 Sedan"
"777","4624","2022-11-28","SM-1 Sedan"
"778","463","2025-09-04","SM-Pickup"
"779","6508","2025-04-13","SM-Pickup"
"780","5322","2020-06-15","SM-1 Sedan"
"781","4673","2020-09-26","SM-1 Sedan"
"782","4421","2022-04-29","SM-1 Sedan"
"783","3027","2023-08-24","SM-2 Crossover"
"784","5130","2025-01-11","SM-1 Sedan"
"785","7694","2023-01-26","SM-1 Sedan"
"786","4129","2022-11-20","SM-Pickup"
"787","3007","2022-02-04","SM-1 Sedan"
"788","1685","2020-07-19","SM-1 Sedan"
"789","1564","2025-07-07","SM-1 Sedan"
"790","5790","2025-05-03","SM-1 Sedan"
"791","4946","2026-02-20","SM-2 Founders"
"792","7722","2025-10-23","SM-1 Sedan"
"793","293","2023-02-16","SM-2 Crossover"
"794","1304","2025-01-12","SM-1 Sedan"
"795","5792","2026-05-11","SM-2 Crossover"
"796","5275","2021-12-26","SM-2 Crossover"
"797","6560","2025-12-27","SM-1 Sedan"
"798","1725","2025-05-18","SM-Pickup"
"799","3589","2025-07-24","SM-2 Crossover"
"800","951","2023-08-13","SM-1 Sedan"
"801","6948","2022-03-25","SM-1 Sedan"
"802","3518","2022-01-20","SM-2 Founders"
"803","3504","2026-01-10","SM-1 Sedan"
"804","5979","2022-10-08","SM-2 Founders"
"805","6705","2021-12-31","SM-1 Sedan"
"806","166","2024-05-11","SM-2 Crossover"
"807","1297","2026-05-08","SM-2 Crossover"
"808","7611","2026-04-30","SM-1 Sedan"
"809","1037","2023-02-10","SM-Pickup"
"810","2275","2025-01-31","SM-1 Sedan"
"811","3198","2025-09-06","SM-2 Crossover"
"812","6218","2026-06-22","SM-Pickup"
"813","4163","2025-08-08","SM-1 Sedan"
"814","5428","2026-01-04","SM-2 Crossover"
"815","5056","2024-11-25","SM-2 Crossover"
"816","48","2022-06-23","SM-2 Crossover"
"817","101","2021-04-05","SM-2 Founders"
"818","7613","2025-10-17","SM-2 Founders"
"819","4709","2020-09-17","SM-2 Crossover"
"820","6620","2021-12-05","SM-2 Crossover"
"821","6501","2021-10-08","SM-1 Sedan"
"822","1010","2023-07-21","SM-Pickup"
"823","5362","2021-09-03","SM-2 Crossover"
"824","1392","2025-12-28","SM-1 Sedan"
"825","6599","2026-01-05","SM-1 Sedan"
"826","5206","2024-11-22","SM-2 Crossover"
"827","1775","2025-07-07","SM-Pickup"
"828","7205","2025-11-11","SM-2 Founders"
"829","1992","2020-09-02","SM-1 Sedan"
"830","7331","2023-11-05","SM-2 Crossover"
"831","3590","2023-11-17","SM-2 Founders"
"832","6199","2022-12-26","SM-1 Sedan"
"833","5959","2024-07-25","SM-Pickup"
"834","7032","2023-07-06","SM-2 Founders"
"835","4962","2022-04-09","SM-Pickup"
"836","1537","2024-08-27","SM-1 Sedan"
"837","2961","2025-06-14","SM-1 Sedan"
"838","6037","2023-10-22","SM-2 Founders"
"839","1867","2025-05-10","SM-Pickup"
"840","1920","2024-01-17","SM-Pickup"
"841","1249","2025-08-19","SM-2 Founders"
"842","5087","2024-04-22","SM-1 Sedan"
"843","569","2024-06-29","SM-1 Sedan"
"844","4207","2025-01-29","SM-2 Crossover"
"845","7537","2026-03-31","SM-1 Sedan"
"846","3942","2024-03-27","SM-2 Crossover"
"847","6241","2019-05-21","SM-1 Sedan"
"848","5864","2024-02-26","SM-2 Founders"
"849","1473","2026-03-06","SM-2 Crossover"
"850","3569","2023-12-04","SM-2 Crossover"
"851","4028","2024-05-01","SM-2 Crossover"
"852","1824","2024-12-15","SM-2 Crossover"
"853","1734","2026-02-26","SM-Pickup"
"854","3944","2025-03-28","SM-1 Sedan"
"855","3811","2024-07-11","SM-2 Crossover"
"856","177","2022-03-18","SM-Pickup"
"857","620","2026-02-16","SM-1 Sedan"
"858","492","2026-05-06","SM-2 Crossover"
"859","2260","2025-01-27","SM-1 Sedan"
"860","1753","2024-07-14","SM-2 Crossover"
"861","4023","2025-05-05","SM-Pickup"
"862","895","2023-12-01","SM-2 Crossover"
"863","4914","2022-11-11","SM-2 Crossover"
"864","148","2024-07-08","SM-1 Sedan"
"865","4542","2026-05-22","SM-Pickup"
"866","6008","2025-08-07","SM-Pickup"
"867","7505","2025-12-02","SM-1 Sedan"
"868","1925","2023-04-09","SM-2 Crossover"
"869","3168","2022-08-15","SM-1 Sedan"
"870","2612","2026-03-06","SM-Pickup"
"871","975","2025-07-03","SM-2 Crossover"
"872","2089","2022-08-01","SM-Pickup"
"873","958","2026-03-15","SM-1 Sedan"
"874","2968","2026-01-05","SM-Pickup"
"875","2835","2025-05-17","SM-1 Sedan"
"876","5569","2025-07-03","SM-1 Sedan"
"877","5802","2025-12-23","SM-1 Sedan"
"878","3701","2025-02-10","SM-Pickup"
"879","2633","2019-06-30","SM-1 Sedan"
"880","4685","2021-11-28","SM-1 Sedan"
"881","7105","2023-06-21","SM-2 Founders"
"882","6147","2026-04-02","SM-1 Sedan"
"883","4086","2021-05-02","SM-1 Sedan"
"884","5718","2025-08-31","SM-Pickup"
"885","4530","2026-02-18","SM-Pickup"
"886","3657","2024-08-11","SM-1 Sedan"
"887","7682","2026-04-21","SM-Pickup"
"888","2812","2026-03-29","SM-2 Crossover"
"889","7711","2026-05-15","SM-1 Sedan"
"890","6533","2023-06-11","SM-2 Founders"
"891","7023","2025-12-23","SM-Pickup"
"892","1560","2023-10-11","SM-2 Founders"
"893","5732","2026-02-02","SM-2 Founders"
"894","4535","2021-02-22","SM-1 Sedan"
"895","2500","2026-02-23","SM-2 Crossover"
"896","1803","2022-05-08","SM-1 Sedan"
"897","3487","2026-01-04","SM-1 Sedan"
"898","7818","2023-12-07","SM-Pickup"
"899","575","2024-08-12","SM-2 Crossover"
"900","609","2024-12-29","SM-Pickup"
"901","4958","2023-12-03","SM-1 Sedan"
"902","158","2022-07-04","SM-1 Sedan"
"903","3247","2025-11-04","SM-1 Sedan"
"904","1601","2020-10-19","SM-2 Crossover"
"905","1296","2025-09-27","SM-1 Sedan"
"906","5784","2025-09-02","SM-1 Sedan"
"907","3666","2023-11-12","SM-1 Sedan"
"908","6610","2026-06-04","SM-2 Crossover"
"909","414","2024-11-27","SM-2 Crossover"
"910","2264","2025-07-11","SM-1 Sedan"
"911","4910","2025-10-09","SM-2 Crossover"
"912","2073","2019-03-16","SM-2 Founders"
"913","6954","2025-07-18","SM-1 Sedan"
"914","7564","2025-10-24","SM-1 Sedan"
"915","786","2026-04-22","SM-1 Sedan"
"916","7947","2023-03-29","SM-1 Sedan"
"917","1191","2024-12-25","SM-Pickup"
"918","6726","2023-01-04","SM-1 Sedan"
"919","2398","2025-08-23","SM-1 Sedan"
"920","6795","2026-04-26","SM-1 Sedan"
"921","2070","2025-07-06","SM-Pickup"
"922","6836","2025-12-26","SM-Pickup"
"923","4539","2024-09-04","SM-1 Sedan"
"924","1375","2025-10-08","SM-1 Sedan"
"925","7745","2022-08-30","SM-2 Crossover"
"926","2808","2025-09-11","SM-1 Sedan"
"927","4928","2022-05-05","SM-Pickup"
"928","1487","2023-09-29","SM-2 Crossover"
"929","5653","2025-09-17","SM-2 Crossover"
"930","5992","2021-04-23","SM-2 Founders"
"931","3965","2022-06-11","SM-2 Founders"
"932","4707","2026-05-05","SM-2 Founders"
"933","6120","2025-08-24","SM-2 Crossover"
"934","4466","2023-02-26","SM-2 Crossover"
"935","1878","2023-12-07","SM-2 Crossover"
"936","6027","2021-10-22","SM-2 Crossover"
"937","5931","2026-02-16","SM-1 Sedan"
"938","7085","2024-06-20","SM-1 Sedan"
"939","1220","2024-09-24","SM-1 Sedan"
"940","7763","2026-06-18","SM-1 Sedan"
"941","4810","2024-06-12","SM-2 Crossover"
"942","5229","2025-09-12","SM-2 Founders"
"943","5632","2025-03-30","SM-2 Founders"
"944","2589","2024-11-15","SM-1 Sedan"
"945","4757","2023-12-27","SM-2 Crossover"
"946","5570","2022-05-07","SM-2 Founders"
"947","7067","2026-06-05","SM-2 Crossover"
"948","4344","2026-04-04","SM-Pickup"
"949","2743","2025-10-29","SM-1 Sedan"
"950","6182","2022-06-15","SM-1 Sedan"
"951","1843","2023-08-21","SM-1 Sedan"
"952","5255","2025-11-02","SM-1 Sedan"
"953","1853","2025-04-28","SM-1 Sedan"
"954","3102","2026-05-18","SM-2 Crossover"
"955","5513","2025-11-13","SM-1 Sedan"
"956","7357","2021-03-02","SM-2 Founders"
"957","2296","2023-10-26","SM-2 Crossover"
"958","2917","2025-10-29","SM-1 Sedan"
"959","726","2022-08-17","SM-2 Crossover"
"960","3926","2025-07-27","SM-1 Sedan"
"961","7999","2024-08-20","SM-2 Crossover"
"962","5120","2023-05-13","SM-Pickup"
"963","156","2025-01-30","SM-2 Founders"
"964","6777","2023-09-30","SM-Pickup"
"965","4554","2025-12-28","SM-Pickup"
"966","5267","2026-06-19","SM-1 Sedan"
"967","2097","2024-12-14","SM-1 Sedan"
"968","7607","2022-10-21","SM-2 Founders"
"969","2931","2026-03-23","SM-Pickup"
"970","3281","2024-02-11","SM-1 Sedan"
"971","3790","2026-04-24","SM-1 Sedan"
"972","5682","2024-07-06","SM-1 Sedan"
"973","3587","2025-02-11","SM-1 Sedan"
"974","396","2023-10-19","SM-2 Crossover"
"975","7934","2023-01-28","SM-1 Sedan"
"976","7501","2025-03-26","SM-1 Sedan"
"977","4425","2021-01-20","SM-2 Crossover"
"978","5236","2024-10-27","SM-2 Founders"
"979","7239","2022-09-14","SM-2 Founders"
"980","5982","2022-05-01","SM-1 Sedan"
"981","830","2025-11-15","SM-1 Sedan"
"982","4435","2023-11-01","SM-1 Sedan"
"983","697","2025-12-14","SM-2 Founders"
"984","1124","2023-12-23","SM-1 Sedan"
"985","4035","2026-05-11","SM-2 Founders"
"986","6312","2022-09-30","SM-2 Founders"
"987","644","2026-05-10","SM-2 Founders"
"988","5620","2022-05-11","SM-1 Sedan"
"989","3858","2025-09-05","SM-2 Crossover"
"990","6126","2026-01-20","SM-2 Crossover"
"991","6238","2026-04-04","SM-Pickup"
"992","5350","2023-05-10","SM-1 Sedan"
"993","744","2025-09-20","SM-1 Sedan"
"994","4403","2022-10-10","SM-2 Crossover"
"995","2013","2024-10-05","SM-Pickup"
"996","5112","2024-05-11","SM-2 Crossover"
"997","1653","2025-09-14","SM-2 Founders"
"998","4599","2025-12-28","SM-2 Founders"
"999","2727","2023-03-14","SM-Pickup"
"1000","7175","2025-12-01","SM-2 Crossover"
"1001","1302","2024-02-01","SM-Pickup"
"1002","3373","2022-07-15","SM-1 Sedan"
"1003","7435","2021-02-18","SM-Pickup"
"1004","7586","2025-08-17","SM-Pickup"
"1005","4235","2026-03-26","SM-1 Sedan"
"1006","2077","2023-08-02","SM-2 Crossover"
"1007","2780","2023-04-01","SM-2 Crossover"
"1008","3845","2021-11-12","SM-2 Founders"
"1009","1238","2026-01-03","SM-2 Founders"
"1010","7678","2025-09-29","SM-Pickup"
"1011","3226","2024-01-08","SM-2 Crossover"
"1012","1385","2022-09-21","SM-2 Crossover"
"1013","1025","2026-01-26","SM-1 Sedan"
"1014","6074","2026-02-17","SM-2 Crossover"
"1015","5264","2021-09-02","SM-1 Sedan"
"1016","4629","2022-09-14","SM-1 Sedan"
"1017","6396","2025-11-05","SM-2 Crossover"
"1018","6574","2025-05-26","SM-1 Sedan"
"1019","6570","2025-08-02","SM-Pickup"
"1020","4339","2021-11-01","SM-1 Sedan"
"1021","472","2023-12-27","SM-2 Crossover"
"1022","936","2021-08-06","SM-2 Crossover"
"1023","461","2026-02-05","SM-2 Founders"
"1024","1390","2023-01-07","SM-1 Sedan"
"1025","4667","2026-05-17","SM-1 Sedan"
"1026","5943","2025-04-23","SM-1 Sedan"
"1027","2925","2026-06-08","SM-2 Crossover"
"1028","5741","2025-08-08","SM-2 Crossover"
"1029","1465","2025-08-08","SM-1 Sedan"
"1030","6886","2023-09-15","SM-2 Crossover"
"1031","1869","2025-05-05","SM-Pickup"
"1032","1142","2021-10-26","SM-Pickup"
"1033","5580","2024-11-02","SM-1 Sedan"
"1034","5729","2025-11-20","SM-2 Crossover"
"1035","801","2026-03-03","SM-Pickup"
"1036","4676","2023-09-21","SM-1 Sedan"
"1037","3722","2024-06-20","SM-2 Crossover"
"1038","6463","2024-04-13","SM-2 Founders"
"1039","4628","2026-06-12","SM-1 Sedan"
"1040","2459","2025-07-06","SM-2 Crossover"
"1041","6201","2026-03-21","SM-2 Crossover"
"1042","724","2025-02-15","SM-2 Crossover"
"1043","1208","2021-09-14","SM-Pickup"
"1044","7131","2025-12-27","SM-1 Sedan"
"1045","4643","2024-05-08","SM-2 Founders"
"1046","76","2023-10-25","SM-1 Sedan"
"1047","3118","2025-02-17","SM-2 Founders"
"1048","230","2026-03-04","SM-1 Sedan"
"1049","4784","2026-04-09","SM-2 Crossover"
"1050","6345","2024-11-14","SM-2 Crossover"
"1051","3817","2025-02-01","SM-Pickup"
"1052","3633","2023-04-09","SM-2 Founders"
"1053","3256","2024-09-13","SM-1 Sedan"
"1054","3520","2025-04-07","SM-2 Crossover"
"1055","4782","2021-10-19","SM-1 Sedan"
"1056","6136","2026-02-28","SM-2 Founders"
"1057","5853","2022-09-17","SM-1 Sedan"
"1058","2036","2022-05-10","SM-2 Crossover"
"1059","2804","2020-01-17","SM-2 Crossover"
"1060","5180","2022-07-08","SM-Pickup"
"1061","2123","2026-04-02","SM-1 Sedan"
"1062","4967","2025-11-19","SM-Pickup"
"1063","4067","2026-02-26","SM-1 Sedan"
"1064","7433","2026-04-01","SM-2 Founders"
"1065","181","2023-02-26","SM-1 Sedan"
"1066","6561","2025-04-05","SM-2 Crossover"
"1067","6891","2025-05-24","SM-Pickup"
"1068","3486","2026-01-18","SM-1 Sedan"
"1069","1370","2026-03-17","SM-2 Crossover"
"1070","3186","2025-04-28","SM-2 Founders"
"1071","7515","2025-04-11","SM-1 Sedan"
"1072","668","2026-03-27","SM-2 Crossover"
"1073","2324","2025-08-22","SM-2 Crossover"
"1074","5687","2026-05-28","SM-1 Sedan"
"1075","2245","2026-05-14","SM-2 Crossover"
"1076","2991","2020-09-03","SM-1 Sedan"
"1077","6885","2019-11-17","SM-Pickup"
"1078","2053","2024-12-08","SM-1 Sedan"
"1079","1978","2025-01-26","SM-2 Crossover"
"1080","6868","2022-01-18","SM-2 Crossover"
"1081","4811","2024-11-15","SM-2 Founders"
"1082","5442","2025-11-12","SM-Pickup"
"1083","1382","2024-08-11","SM-2 Founders"
"1084","6605","2023-12-05","SM-1 Sedan"
"1085","7018","2022-11-04","SM-1 Sedan"
"1086","873","2026-02-03","SM-2 Founders"
"1087","5270","2026-02-16","SM-1 Sedan"
"1088","6423","2024-02-12","SM-1 Sedan"
"1089","2088","2025-08-23","SM-Pickup"
"1090","2827","2025-08-02","SM-1 Sedan"
"1091","7233","2022-09-25","SM-2 Crossover"
"1092","3610","2026-01-07","SM-2 Crossover"
"1093","1008","2024-05-21","SM-2 Crossover"
"1094","875","2021-07-02","SM-2 Crossover"
"1095","527","2023-08-09","SM-1 Sedan"
"1096","212","2024-11-16","SM-2 Crossover"
"1097","791","2023-08-03","SM-2 Crossover"
"1098","2039","2023-01-14","SM-2 Crossover"
"1099","2441","2026-04-23","SM-2 Crossover"
"1100","6899","2025-02-04","SM-2 Crossover"
"1101","6040","2025-03-31","SM-2 Crossover"
"1102","2937","2024-06-15","SM-1 Sedan"
"1103","5408","2021-08-01","SM-Pickup"
"1104","53","2022-08-23","SM-1 Sedan"
"1105","5421","2023-05-30","SM-Pickup"
"1106","2445","2023-06-24","SM-1 Sedan"
"1107","2848","2025-05-23","SM-2 Crossover"
"1108","6544","2024-01-03","SM-2 Crossover"
"1109","4711","2024-08-23","SM-2 Founders"
"1110","7581","2025-04-26","SM-1 Sedan"
"1111","4090","2024-03-19","SM-2 Crossover"
"1112","1835","2024-12-23","SM-2 Founders"
"1113","4856","2021-03-18","SM-2 Crossover"
"1114","3374","2026-02-04","SM-1 Sedan"
"1115","7692","2020-05-31","SM-2 Crossover"
"1116","1118","2025-10-14","SM-1 Sedan"
"1117","5879","2026-01-19","SM-Pickup"
"1118","2290","2022-04-25","SM-1 Sedan"
"1119","7988","2023-03-29","SM-Pickup"
"1120","3662","2025-10-22","SM-1 Sedan"
"1121","3060","2026-04-03","SM-2 Founders"
"1122","3827","2025-05-15","SM-2 Crossover"
"1123","6269","2026-05-29","SM-Pickup"
"1124","6376","2023-12-19","SM-2 Crossover"
"1125","1161","2025-12-17","SM-2 Crossover"
"1126","3523","2025-01-29","SM-1 Sedan"
"1127","4522","2025-11-27","SM-2 Founders"
"1128","2127","2024-09-22","SM-1 Sedan"
"1129","1943","2023-06-04","SM-1 Sedan"
"1130","5008","2024-03-23","SM-2 Crossover"
"1131","5554","2024-10-04","SM-2 Crossover"
"1132","1320","2024-04-07","SM-1 Sedan"
"1133","7264","2025-10-04","SM-2 Crossover"
"1134","399","2025-03-26","SM-Pickup"
"1135","763","2021-06-18","SM-2 Crossover"
"1136","3139","2023-01-18","SM-1 Sedan"
"1137","7058","2025-09-16","SM-1 Sedan"
"1138","5135","2025-12-17","SM-2 Founders"
"1139","4307","2025-05-28","SM-2 Crossover"
"1140","2368","2025-04-13","SM-2 Crossover"
"1141","5281","2023-10-29","SM-1 Sedan"
"1142","6176","2024-06-06","SM-1 Sedan"
"1143","4383","2025-01-16","SM-1 Sedan"
"1144","5126","2022-09-15","SM-2 Founders"
"1145","3239","2025-05-12","SM-Pickup"
"1146","3700","2025-10-10","SM-Pickup"
"1147","4448","2021-12-25","SM-2 Crossover"
"1148","2494","2022-08-05","SM-Pickup"
"1149","2515","2025-06-30","SM-1 Sedan"
"1150","7577","2023-10-09","SM-1 Sedan"
"1151","882","2024-10-13","SM-Pickup"
"1152","1957","2023-06-10","SM-2 Founders"
"1153","6725","2026-04-20","SM-1 Sedan"
"1154","7065","2026-01-29","SM-1 Sedan"
"1155","7207","2023-01-28","SM-1 Sedan"
"1156","1837","2025-12-03","SM-1 Sedan"
"1157","4580","2025-10-25","SM-1 Sedan"
"1158","390","2024-08-02","SM-1 Sedan"
"1159","6139","2025-03-23","SM-2 Crossover"
"1160","4203","2025-11-10","SM-2 Founders"
"1161","2507","2024-01-02","SM-2 Crossover"
"1162","7304","2025-07-11","SM-1 Sedan"
"1163","1525","2025-04-03","SM-1 Sedan"
"1164","5909","2020-12-04","SM-1 Sedan"
"1165","3083","2021-12-02","SM-1 Sedan"
"1166","7898","2025-10-11","SM-1 Sedan"
"1167","2922","2023-07-11","SM-1 Sedan"
"1168","3685","2025-07-11","SM-1 Sedan"
"1169","1415","2025-10-05","SM-2 Crossover"
"1170","4276","2025-04-26","SM-1 Sedan"
"1171","4579","2025-10-31","SM-Pickup"
"1172","4144","2026-05-13","SM-2 Crossover"
"1173","3537","2026-05-07","SM-1 Sedan"
"1174","3764","2021-12-23","SM-2 Crossover"
"1175","4315","2025-03-27","SM-2 Crossover"
"1176","1995","2026-03-27","SM-Pickup"
"1177","4933","2025-09-18","SM-Pickup"
"1178","6433","2022-05-29","SM-2 Crossover"
"1179","217","2026-02-28","SM-2 Founders"
"1180","3313","2023-08-14","SM-2 Crossover"
"1181","5036","2026-01-08","SM-2 Founders"
"1182","621","2023-07-09","SM-Pickup"
"1183","1374","2022-09-07","SM-2 Crossover"
"1184","6606","2022-03-08","SM-2 Founders"
"1185","6417","2026-01-18","SM-1 Sedan"
"1186","6076","2026-04-12","SM-Pickup"
"1187","68","2021-07-30","SM-1 Sedan"
"1188","5031","2025-03-02","SM-1 Sedan"
"1189","2024","2021-08-14","SM-1 Sedan"
"1190","4089","2025-12-27","SM-Pickup"
"1191","1662","2021-06-02","SM-1 Sedan"
"1192","5629","2023-09-15","SM-Pickup"
"1193","6305","2023-07-24","SM-2 Founders"
"1194","2255","2025-11-07","SM-1 Sedan"
"1195","1591","2019-11-29","SM-1 Sedan"
"1196","4991","2025-10-25","SM-2 Crossover"
"1197","418","2024-01-10","SM-Pickup"
"1198","6023","2025-06-01","SM-2 Crossover"
"1199","3116","2021-01-12","SM-2 Crossover"
"1200","5020","2025-08-05","SM-1 Sedan"
"1201","365","2023-05-10","SM-2 Crossover"
"1202","3639","2025-02-05","SM-2 Founders"
"1203","7112","2025-10-21","SM-2 Crossover"
"1204","4783","2025-10-19","SM-1 Sedan"
"1205","3910","2025-10-25","SM-2 Crossover"
"1206","631","2024-07-25","SM-2 Crossover"
"1207","1727","2024-06-07","SM-1 Sedan"
"1208","4245","2025-06-14","SM-2 Crossover"
"1209","4934","2026-03-11","SM-1 Sedan"
"1210","6819","2025-04-02","SM-2 Crossover"
"1211","5358","2020-08-14","SM-2 Crossover"
"1212","2794","2025-12-02","SM-1 Sedan"
"1213","1959","2020-04-17","SM-2 Crossover"
"1214","5411","2025-08-04","SM-Pickup"
"1215","162","2025-02-10","SM-1 Sedan"
"1216","3390","2025-03-28","SM-2 Founders"
"1217","3491","2024-01-29","SM-2 Founders"
"1218","3619","2025-11-13","SM-2 Crossover"
"1219","7249","2024-12-30","SM-1 Sedan"
"1220","4132","2026-01-12","SM-1 Sedan"
"1221","5548","2021-12-27","SM-Pickup"
"1222","4133","2024-05-25","SM-1 Sedan"
"1223","4777","2026-05-01","SM-1 Sedan"
"1224","1766","2022-02-27","SM-2 Founders"
"1225","4068","2023-05-19","SM-2 Founders"
"1226","703","2025-12-22","SM-2 Crossover"
"1227","1910","2024-10-30","SM-2 Crossover"
"1228","4428","2023-03-29","SM-2 Crossover"
"1229","1511","2025-10-16","SM-2 Crossover"
"1230","6466","2024-09-08","SM-1 Sedan"
"1231","494","2025-04-06","SM-1 Sedan"
"1232","2871","2025-03-02","SM-2 Founders"
"1233","6240","2021-12-15","SM-2 Crossover"
"1234","1739","2025-02-10","SM-2 Crossover"
"1235","7659","2020-11-06","SM-1 Sedan"
"1236","2362","2023-08-14","SM-Pickup"
"1237","764","2025-03-01","SM-1 Sedan"
"1238","6111","2024-09-08","SM-Pickup"
"1239","2951","2024-04-04","SM-Pickup"
"1240","5800","2023-09-17","SM-1 Sedan"
"1241","2464","2025-01-06","SM-1 Sedan"
"1242","2759","2024-12-17","SM-2 Crossover"
"1243","4330","2024-04-09","SM-1 Sedan"
"1244","3193","2026-01-20","SM-2 Founders"
"1245","4029","2024-11-05","SM-1 Sedan"
"1246","827","2025-07-19","SM-2 Crossover"
"1247","1605","2024-06-07","SM-2 Crossover"
"1248","4031","2025-04-12","SM-2 Crossover"
"1249","6592","2026-06-26","SM-1 Sedan"
"1250","7459","2025-03-25","SM-1 Sedan"
"1251","3041","2024-12-13","SM-2 Founders"
"1252","1661","2025-07-18","SM-1 Sedan"
"1253","5393","2025-11-20","SM-1 Sedan"
"1254","4014","2026-02-12","SM-1 Sedan"
"1255","4878","2023-07-08","SM-1 Sedan"
"1256","5546","2024-11-07","SM-2 Crossover"
"1257","589","2026-03-11","SM-2 Crossover"
"1258","487","2024-10-09","SM-2 Crossover"
"1259","5674","2025-01-23","SM-1 Sedan"
"1260","755","2025-07-12","SM-1 Sedan"
"1261","7889","2025-06-27","SM-Pickup"
"1262","415","2026-04-26","SM-1 Sedan"
"1263","7397","2026-01-18","SM-Pickup"
"1264","2453","2025-04-30","SM-2 Crossover"
"1265","1527","2023-10-17","SM-1 Sedan"
"1266","6026","2022-03-28","SM-2 Crossover"
"1267","5988","2023-12-19","SM-1 Sedan"
"1268","7453","2024-10-09","SM-1 Sedan"
"1269","1054","2025-08-06","SM-Pickup"
"1270","5540","2026-05-23","SM-1 Sedan"
"1271","2999","2023-11-29","SM-1 Sedan"
"1272","6813","2024-06-13","SM-1 Sedan"
"1273","1291","2021-01-29","SM-Pickup"
"1274","3419","2025-05-18","SM-1 Sedan"
"1275","372","2025-05-20","SM-1 Sedan"
"1276","6317","2022-07-08","SM-1 Sedan"
"1277","4604","2025-09-30","SM-1 Sedan"
"1278","3732","2024-11-09","SM-1 Sedan"
"1279","6910","2025-10-16","SM-Pickup"
"1280","6566","2024-11-10","SM-1 Sedan"
"1281","4533","2025-03-13","SM-1 Sedan"
"1282","6680","2024-02-02","SM-1 Sedan"
"1283","7348","2024-11-01","SM-2 Crossover"
"1284","1562","2022-10-20","SM-Pickup"
"1285","5115","2023-09-06","SM-1 Sedan"
"1286","5647","2026-05-06","SM-Pickup"
"1287","1828","2023-12-21","SM-2 Crossover"
"1288","2723","2020-07-20","SM-Pickup"
"1289","4922","2023-06-04","SM-1 Sedan"
"1290","234","2026-05-27","SM-2 Crossover"
"1291","434","2022-03-04","SM-Pickup"
"1292","2903","2024-10-20","SM-1 Sedan"
"1293","5537","2024-12-22","SM-2 Founders"
"1294","7970","2026-05-03","SM-Pickup"
"1295","5172","2020-04-15","SM-2 Founders"
"1296","2172","2021-10-15","SM-2 Crossover"
"1297","5810","2025-01-23","SM-2 Founders"
"1298","4021","2025-09-30","SM-2 Crossover"
"1299","2801","2024-07-28","SM-2 Crossover"
"1300","7680","2026-02-08","SM-1 Sedan"
"1301","7669","2025-03-15","SM-2 Founders"
"1302","3699","2026-03-15","SM-2 Crossover"
"1303","6580","2025-06-02","SM-2 Crossover"
"1304","5821","2024-04-16","SM-1 Sedan"
"1305","4367","2026-05-16","SM-Pickup"
"1306","7077","2025-04-28","SM-2 Crossover"
"1307","2306","2026-01-28","SM-1 Sedan"
"1308","1555","2023-08-15","SM-2 Founders"
"1309","3057","2021-04-18","SM-1 Sedan"
"1310","7560","2024-02-27","SM-1 Sedan"
"1311","1035","2025-03-07","SM-2 Crossover"
"1312","6434","2021-07-01","SM-1 Sedan"
"1313","2475","2026-03-13","SM-2 Founders"
"1314","7468","2024-04-19","SM-2 Founders"
"1315","2842","2026-02-22","SM-1 Sedan"
"1316","5999","2023-03-30","SM-1 Sedan"
"1317","734","2026-05-28","SM-2 Crossover"
"1318","2095","2025-07-21","SM-1 Sedan"
"1319","904","2025-02-08","SM-2 Crossover"
"1320","7841","2026-01-29","SM-1 Sedan"
"1321","7135","2023-08-07","SM-2 Crossover"
"1322","1232","2026-03-14","SM-2 Crossover"
"1323","6295","2025-04-21","SM-2 Crossover"
"1324","6211","2022-06-12","SM-2 Founders"
"1325","7003","2025-02-20","SM-2 Crossover"
"1326","304","2026-05-15","SM-2 Founders"
"1327","507","2021-09-27","SM-1 Sedan"
"1328","1512","2023-01-19","SM-Pickup"
"1329","1121","2024-04-17","SM-2 Crossover"
"1330","4241","2025-12-30","SM-2 Crossover"
"1331","3632","2025-03-03","SM-2 Crossover"
"1332","1975","2025-04-16","SM-1 Sedan"
"1333","2479","2024-11-07","SM-2 Crossover"
"1334","7092","2025-11-03","SM-1 Sedan"
"1335","4577","2024-03-19","SM-1 Sedan"
"1336","5731","2025-07-20","SM-1 Sedan"
"1337","7374","2022-08-30","SM-1 Sedan"
"1338","7036","2025-05-21","SM-1 Sedan"
"1339","919","2024-07-29","SM-2 Crossover"
"1340","2244","2024-05-15","SM-2 Crossover"
"1341","1938","2021-11-10","SM-1 Sedan"
"1342","5306","2021-12-09","SM-1 Sedan"
"1343","7844","2021-03-01","SM-Pickup"
"1344","178","2024-02-16","SM-2 Crossover"
"1345","1729","2023-01-19","SM-2 Founders"
"1346","6613","2025-05-23","SM-2 Crossover"
"1347","6893","2024-02-03","SM-2 Founders"
"1348","1167","2022-01-12","SM-2 Crossover"
"1349","5522","2026-05-30","SM-2 Founders"
"1350","6963","2024-12-07","SM-2 Founders"
"1351","7919","2026-04-29","SM-2 Crossover"
"1352","3217","2025-02-05","SM-Pickup"
"1353","2755","2025-03-20","SM-2 Crossover"
"1354","1293","2026-03-26","SM-1 Sedan"
"1355","1801","2025-11-28","SM-1 Sedan"
"1356","3691","2026-03-13","SM-2 Crossover"
"1357","6347","2022-12-23","SM-1 Sedan"
"1358","2552","2026-06-01","SM-2 Crossover"
"1359","2695","2022-09-19","SM-1 Sedan"
"1360","1930","2024-08-13","SM-1 Sedan"
"1361","5049","2024-12-07","SM-2 Founders"
"1362","2113","2022-05-12","SM-2 Crossover"
"1363","4088","2025-02-17","SM-2 Crossover"
"1364","1082","2021-08-01","SM-Pickup"
"1365","1011","2025-01-23","SM-Pickup"
"1366","7681","2026-03-05","SM-2 Crossover"
"1367","1213","2026-05-21","SM-1 Sedan"
"1368","3781","2025-07-09","SM-1 Sedan"
"1369","7770","2025-03-01","SM-Pickup"
"1370","2422","2024-05-01","SM-1 Sedan"
"1371","5311","2025-11-07","SM-1 Sedan"
"1372","7428","2025-10-08","SM-1 Sedan"
"1373","4659","2026-01-09","SM-Pickup"
"1374","4854","2024-07-12","SM-Pickup"
"1375","2563","2026-01-09","SM-Pickup"
"1376","4987","2026-02-18","SM-Pickup"
"1377","6344","2023-06-18","SM-1 Sedan"
"1378","3723","2024-05-01","SM-2 Founders"
"1379","1405","2026-06-13","SM-2 Crossover"
"1380","7497","2022-09-24","SM-2 Crossover"
"1381","6132","2023-01-10","SM-2 Crossover"
"1382","2584","2025-06-11","SM-1 Sedan"
"1383","991","2025-03-12","SM-2 Crossover"
"1384","4447","2023-03-06","SM-1 Sedan"
"1385","2816","2024-12-29","SM-2 Crossover"
"1386","5508","2026-04-23","SM-2 Crossover"
"1387","4457","2023-07-24","SM-1 Sedan"
"1388","7901","2023-03-07","SM-2 Crossover"
"1389","669","2023-04-08","SM-Pickup"
"1390","6228","2025-05-05","SM-Pickup"
"1391","5108","2025-02-22","SM-2 Crossover"
"1392","4458","2023-11-04","SM-2 Crossover"
"1393","5378","2024-04-20","SM-1 Sedan"
"1394","7113","2024-06-27","SM-1 Sedan"
"1395","425","2025-03-02","SM-1 Sedan"
"1396","1758","2023-03-12","SM-2 Crossover"
"1397","191","2023-09-11","SM-2 Crossover"
"1398","1104","2023-09-25","SM-1 Sedan"
"1399","2679","2020-03-04","SM-Pickup"
"1400","6952","2020-07-15","SM-2 Crossover"
"1401","4011","2023-09-17","SM-1 Sedan"
"1402","7689","2025-11-25","SM-2 Crossover"
"1403","7111","2023-03-14","SM-1 Sedan"
"1404","4167","2020-06-24","SM-1 Sedan"
"1405","1196","2025-07-24","SM-1 Sedan"
"1406","5468","2022-11-03","SM-2 Crossover"
"1407","906","2025-11-22","SM-2 Crossover"
"1408","1927","2026-04-13","SM-2 Crossover"
"1409","4681","2020-11-15","SM-Pickup"
"1410","4640","2025-12-13","SM-2 Crossover"
"1411","2745","2023-06-15","SM-Pickup"
"1412","1216","2024-12-01","SM-1 Sedan"
"1413","5394","2024-02-27","SM-1 Sedan"
"1414","448","2022-06-09","SM-1 Sedan"
"1415","4614","2025-07-24","SM-2 Crossover"
"1416","2055","2024-11-25","SM-2 Crossover"
"1417","1138","2024-01-18","SM-1 Sedan"
"1418","6774","2023-04-22","SM-2 Founders"
"1419","2394","2025-11-28","SM-1 Sedan"
"1420","5686","2023-12-06","SM-2 Crossover"
"1421","713","2025-04-21","SM-Pickup"
"1422","1616","2023-11-21","SM-1 Sedan"
"1423","1153","2025-08-28","SM-1 Sedan"
"1424","7778","2025-02-05","SM-1 Sedan"
"1425","424","2022-04-23","SM-2 Crossover"
"1426","4099","2022-09-30","SM-1 Sedan"
"1427","2192","2023-11-18","SM-1 Sedan"
"1428","512","2026-05-04","SM-1 Sedan"
"1429","4696","2026-02-03","SM-Pickup"
"1430","3866","2025-01-10","SM-2 Founders"
"1431","6164","2024-06-26","SM-1 Sedan"
"1432","5280","2022-02-20","SM-Pickup"
"1433","1181","2021-09-30","SM-2 Crossover"
"1434","4754","2025-06-20","SM-Pickup"
"1435","4232","2022-02-09","SM-1 Sedan"
"1436","5787","2025-11-17","SM-Pickup"
"1437","1468","2024-11-18","SM-2 Crossover"
"1438","7328","2026-06-19","SM-1 Sedan"
"1439","7740","2021-04-29","SM-2 Crossover"
"1440","6243","2021-10-19","SM-2 Crossover"
"1441","5409","2021-04-17","SM-Pickup"
"1442","3098","2025-06-21","SM-1 Sedan"
"1443","6678","2023-08-08","SM-1 Sedan"
"1444","7320","2021-03-20","SM-Pickup"
"1445","1891","2025-01-14","SM-Pickup"
"1446","4938","2024-10-11","SM-1 Sedan"
"1447","2601","2025-08-08","SM-1 Sedan"
"1448","7839","2022-01-03","SM-Pickup"
"1449","1186","2025-01-16","SM-2 Crossover"
"1450","7437","2026-01-25","SM-2 Founders"
"1451","4504","2026-02-11","SM-2 Crossover"
"1452","5918","2026-01-27","SM-2 Crossover"
"1453","3194","2024-06-30","SM-1 Sedan"
"1454","7009","2021-06-11","SM-1 Sedan"
"1455","4214","2023-04-10","SM-2 Founders"
"1456","5815","2025-07-20","SM-1 Sedan"
"1457","4433","2026-01-01","SM-2 Founders"
"1458","2120","2025-10-15","SM-1 Sedan"
"1459","6769","2026-01-25","SM-Pickup"
"1460","4004","2022-10-14","SM-2 Crossover"
"1461","470","2021-03-13","SM-1 Sedan"
"1462","2720","2023-10-18","SM-Pickup"
"1463","6309","2026-02-20","SM-2 Founders"
"1464","3103","2026-01-14","SM-2 Founders"
"1465","4788","2021-02-26","SM-1 Sedan"
"1466","1684","2024-08-25","SM-1 Sedan"
"1467","4037","2023-06-23","SM-Pickup"
"1468","5606","2023-05-02","SM-1 Sedan"
"1469","5313","2026-05-16","SM-1 Sedan"
"1470","540","2022-01-03","SM-2 Crossover"
"1471","7341","2024-09-21","SM-2 Crossover"
"1472","5767","2025-07-03","SM-1 Sedan"
"1473","4364","2024-09-15","SM-2 Founders"
"1474","387","2024-07-25","SM-2 Crossover"
"1475","7411","2020-06-20","SM-2 Crossover"
"1476","4259","2024-10-18","SM-1 Sedan"
"1477","4562","2024-08-31","SM-2 Crossover"
"1478","6831","2022-06-22","SM-2 Founders"
"1479","3578","2023-07-13","SM-Pickup"
"1480","6539","2026-02-17","SM-2 Crossover"
"1481","4454","2021-08-13","SM-1 Sedan"
"1482","7470","2026-06-03","SM-1 Sedan"
"1483","3053","2024-02-28","SM-1 Sedan"
"1484","679","2025-07-22","SM-1 Sedan"
"1485","6589","2023-10-03","SM-1 Sedan"
"1486","937","2025-01-18","SM-2 Founders"
"1487","5916","2023-02-06","SM-2 Crossover"
"1488","2642","2024-06-29","SM-1 Sedan"
"1489","2726","2024-05-25","SM-1 Sedan"
"1490","2615","2023-07-05","SM-1 Sedan"
"1491","4665","2020-04-19","SM-2 Crossover"
"1492","4586","2026-02-18","SM-1 Sedan"
"1493","6661","2025-05-13","SM-2 Crossover"
"1494","4356","2025-01-08","SM-2 Crossover"
"1495","4349","2025-10-11","SM-1 Sedan"
"1496","3841","2024-04-22","SM-1 Sedan"
"1497","409","2023-06-12","SM-Pickup"
"1498","3706","2024-10-11","SM-1 Sedan"
"1499","4169","2025-04-22","SM-2 Crossover"
"1500","1068","2025-05-03","SM-2 Crossover"
"1501","4168","2023-04-17","SM-1 Sedan"
"1502","2285","2025-12-20","SM-Pickup"
"1503","688","2025-08-30","SM-1 Sedan"
"1504","4873","2025-02-22","SM-Pickup"
"1505","2419","2025-11-19","SM-2 Founders"
"1506","4204","2025-04-29","SM-1 Sedan"
"1507","7014","2025-05-17","SM-1 Sedan"
"1508","860","2024-04-15","SM-1 Sedan"
"1509","2851","2024-07-25","SM-Pickup"
"1510","6514","2024-11-23","SM-1 Sedan"
"1511","5158","2026-06-15","SM-1 Sedan"
"1512","7523","2026-01-25","SM-2 Crossover"
"1513","7540","2022-10-23","SM-2 Founders"
"1514","7967","2025-06-29","SM-1 Sedan"
"1515","729","2025-12-20","SM-2 Crossover"
"1516","6389","2026-02-09","SM-1 Sedan"
"1517","5771","2026-01-22","SM-2 Crossover"
"1518","6232","2026-06-04","SM-1 Sedan"
"1519","4868","2021-01-02","SM-2 Crossover"
"1520","4770","2023-11-21","SM-Pickup"
"1521","1546","2025-07-31","SM-1 Sedan"
"1522","1218","2023-12-16","SM-1 Sedan"
"1523","1950","2025-08-24","SM-1 Sedan"
"1524","1231","2024-04-25","SM-Pickup"
"1525","5237","2023-04-22","SM-2 Crossover"
"1526","236","2025-01-21","SM-2 Founders"
"1527","2624","2022-05-16","SM-2 Founders"
"1528","1820","2023-06-08","SM-1 Sedan"
"1529","6713","2025-11-02","SM-1 Sedan"
"1530","1313","2025-12-24","SM-1 Sedan"
"1531","3832","2022-03-22","SM-1 Sedan"
"1532","4805","2026-04-26","SM-2 Crossover"
"1533","6370","2025-02-10","SM-2 Crossover"
"1534","2943","2020-08-08","SM-1 Sedan"
"1535","4807","2025-09-15","SM-2 Founders"
"1536","6695","2025-02-03","SM-Pickup"
"1537","4336","2026-02-09","SM-2 Crossover"
"1538","2962","2024-12-18","SM-1 Sedan"
"1539","5142","2023-05-02","SM-1 Sedan"
"1540","7821","2026-04-26","SM-Pickup"
"1541","4151","2025-12-24","SM-2 Crossover"
"1542","4036","2025-12-30","SM-1 Sedan"
"1543","7589","2024-09-20","SM-2 Crossover"
"1544","231","2024-12-10","SM-1 Sedan"
"1545","7791","2022-03-15","SM-1 Sedan"
"1546","6815","2024-08-28","SM-1 Sedan"
"1547","6646","2022-02-24","SM-1 Sedan"
"1548","6709","2022-10-01","SM-2 Crossover"
"1549","7460","2023-04-13","SM-2 Crossover"
"1550","1539","2026-06-03","SM-1 Sedan"
"1551","5722","2021-05-27","SM-Pickup"
"1552","4491","2025-11-20","SM-1 Sedan"
"1553","7946","2022-12-24","SM-Pickup"
"1554","7609","2026-02-07","SM-1 Sedan"
"1555","3987","2026-05-13","SM-Pickup"
"1556","4423","2022-10-08","SM-1 Sedan"
"1557","1755","2022-08-07","SM-2 Founders"
"1558","5976","2025-05-30","SM-1 Sedan"
"1559","5887","2020-09-02","SM-1 Sedan"
"1560","735","2021-03-11","SM-2 Crossover"
"1561","2783","2025-06-18","SM-1 Sedan"
"1562","1961","2026-01-08","SM-2 Founders"
"1563","3333","2024-03-05","SM-Pickup"
"1564","7761","2025-08-19","SM-2 Crossover"
"1565","6660","2024-08-26","SM-2 Crossover"
"1566","3900","2021-08-03","SM-1 Sedan"
"1567","6520","2023-06-26","SM-1 Sedan"
"1568","1618","2026-02-04","SM-1 Sedan"
"1569","5002","2026-03-22","SM-1 Sedan"
"1570","7627","2022-12-14","SM-2 Crossover"
"1571","2122","2024-01-10","SM-2 Crossover"
"1572","1717","2024-05-06","SM-1 Sedan"
"1573","2632","2022-06-17","SM-1 Sedan"
"1574","578","2022-04-14","SM-Pickup"
"1575","1745","2024-03-06","SM-1 Sedan"
"1576","1209","2023-10-27","SM-1 Sedan"
"1577","3914","2024-04-27","SM-2 Crossover"
"1578","7301","2025-02-03","SM-2 Founders"
"1579","3055","2025-01-01","SM-2 Crossover"
"1580","5454","2024-06-02","SM-1 Sedan"
"1581","6750","2025-08-10","SM-1 Sedan"
"1582","2183","2026-01-06","SM-2 Crossover"
"1583","2800","2025-02-22","SM-2 Crossover"
"1584","1171","2025-05-10","SM-2 Crossover"
"1585","2921","2022-08-12","SM-1 Sedan"
"1586","443","2025-08-10","SM-2 Crossover"
"1587","7732","2024-09-30","SM-1 Sedan"
"1588","6612","2025-06-27","SM-1 Sedan"
"1589","4556","2026-06-10","SM-1 Sedan"
"1590","6827","2024-09-04","SM-Pickup"
"1591","613","2025-03-17","SM-1 Sedan"
"1592","6835","2025-05-12","SM-Pickup"
"1593","1672","2023-10-19","SM-2 Crossover"
"1594","7296","2025-04-03","SM-Pickup"
"1595","5191","2026-06-21","SM-Pickup"
"1596","6679","2023-06-09","SM-1 Sedan"
"1597","7626","2025-09-19","SM-Pickup"
"1598","5330","2025-02-03","SM-2 Founders"
"1599","3997","2022-10-21","SM-1 Sedan"
"1600","2616","2022-09-08","SM-2 Crossover"
"1601","660","2024-02-27","SM-1 Sedan"
"1602","7831","2022-11-13","SM-2 Crossover"
"1603","6322","2023-11-06","SM-1 Sedan"
"1604","1612","2024-11-17","SM-2 Founders"
"1605","7041","2024-12-05","SM-1 Sedan"
"1606","303","2025-08-05","SM-2 Crossover"
"1607","7565","2025-09-25","SM-1 Sedan"
"1608","3830","2026-03-19","SM-2 Crossover"
"1609","4231","2024-12-09","SM-2 Crossover"
"1610","456","2024-07-31","SM-1 Sedan"
"1611","5161","2022-01-22","SM-1 Sedan"
"1612","4563","2023-09-28","SM-1 Sedan"
"1613","89","2021-05-20","SM-2 Crossover"
"1614","7727","2024-10-24","SM-Pickup"
"1615","7367","2026-02-18","SM-1 Sedan"
"1616","4790","2022-07-27","SM-Pickup"
"1617","6889","2025-01-03","SM-2 Crossover"
"1618","1493","2020-11-25","SM-1 Sedan"
"1619","7271","2021-03-09","SM-2 Founders"
"1620","7574","2020-11-30","SM-1 Sedan"
"1621","813","2024-04-07","SM-2 Crossover"
"1622","1395","2026-01-26","SM-1 Sedan"
"1623","5583","2025-11-24","SM-2 Crossover"
"1624","6917","2024-02-23","SM-2 Crossover"
"1625","1367","2021-08-08","SM-1 Sedan"
"1626","1936","2021-08-28","SM-Pickup"
"1627","6401","2026-02-23","SM-1 Sedan"
"1628","6817","2025-08-08","SM-2 Crossover"
"1629","5355","2024-05-10","SM-1 Sedan"
"1630","4346","2024-01-31","SM-2 Crossover"
"1631","2468","2025-10-28","SM-1 Sedan"
"1632","591","2026-04-28","SM-2 Founders"
"1633","3324","2022-03-08","SM-1 Sedan"
"1634","1470","2024-01-13","SM-2 Founders"
"1635","2488","2024-09-02","SM-1 Sedan"
"1636","2765","2025-06-24","SM-2 Crossover"
"1637","7422","2024-12-31","SM-1 Sedan"
"1638","1718","2023-12-09","SM-2 Crossover"
"1639","7431","2023-03-29","SM-1 Sedan"
"1640","4149","2021-09-14","SM-2 Crossover"
"1641","467","2025-06-14","SM-1 Sedan"
"1642","6388","2026-05-22","SM-1 Sedan"
"1643","6470","2023-05-26","SM-2 Crossover"
"1644","5456","2025-04-16","SM-1 Sedan"
"1645","4477","2024-07-31","SM-1 Sedan"
"1646","7509","2025-08-23","SM-1 Sedan"
"1647","5949","2021-07-06","SM-1 Sedan"
"1648","6677","2024-01-04","SM-Pickup"
"1649","1741","2026-04-05","SM-2 Crossover"
"1650","5754","2025-06-06","SM-2 Crossover"
"1651","2008","2024-09-16","SM-Pickup"
"1652","3954","2026-05-14","SM-Pickup"
"1653","6872","2020-11-16","SM-1 Sedan"
"1654","7520","2021-07-25","SM-Pickup"
"1655","3933","2025-03-01","SM-Pickup"
"1656","5602","2024-05-22","SM-2 Crossover"
"1657","5451","2022-06-11","SM-2 Crossover"
"1658","2246","2025-01-05","SM-2 Crossover"
"1659","4091","2025-05-21","SM-1 Sedan"
"1660","3275","2021-03-17","SM-2 Crossover"
"1661","3287","2024-11-17","SM-1 Sedan"
"1662","4507","2025-11-12","SM-2 Crossover"
"1663","3046","2023-06-11","SM-1 Sedan"
"1664","3962","2021-10-31","SM-1 Sedan"
"1665","5749","2025-04-11","SM-1 Sedan"
"1666","3580","2026-03-19","SM-Pickup"
"1667","534","2023-10-31","SM-1 Sedan"
"1668","2859","2024-12-03","SM-Pickup"
"1669","7802","2026-02-17","SM-Pickup"
"1670","4660","2022-03-24","SM-1 Sedan"
"1671","6600","2024-05-16","SM-2 Crossover"
"1672","2529","2026-05-06","SM-1 Sedan"
"1673","3145","2020-04-26","SM-1 Sedan"
"1674","3873","2025-04-09","SM-Pickup"
"1675","4296","2025-06-23","SM-2 Founders"
"1676","4061","2025-09-29","SM-2 Founders"
"1677","6307","2022-02-08","SM-2 Crossover"
"1678","7490","2026-05-28","SM-Pickup"
"1679","5426","2025-08-24","SM-2 Crossover"
"1680","1576","2021-08-28","SM-2 Founders"
"1681","6461","2020-11-09","SM-1 Sedan"
"1682","7562","2023-03-31","SM-2 Crossover"
"1683","3389","2025-02-09","SM-Pickup"
"1684","4798","2025-05-07","SM-1 Sedan"
"1685","2701","2022-11-17","SM-Pickup"
"1686","3687","2025-12-04","SM-1 Sedan"
"1687","1712","2026-05-06","SM-1 Sedan"
"1688","6976","2024-10-02","SM-1 Sedan"
"1689","5607","2025-07-27","SM-2 Crossover"
"1690","6034","2022-02-27","SM-2 Crossover"
"1691","213","2022-03-21","SM-Pickup"
"1692","344","2019-11-23","SM-1 Sedan"
"1693","6986","2025-06-12","SM-2 Crossover"
"1694","1796","2024-10-10","SM-2 Crossover"
"1695","5626","2022-12-04","SM-1 Sedan"
"1696","7216","2025-08-14","SM-2 Crossover"
"1697","1159","2024-08-31","SM-2 Crossover"
"1698","5044","2025-07-17","SM-1 Sedan"
"1699","3499","2024-07-28","SM-1 Sedan"
"1700","6849","2025-06-27","SM-Pickup"
"1701","3789","2025-03-27","SM-Pickup"
"1702","2555","2021-11-27","SM-2 Crossover"
"1703","1164","2026-06-15","SM-1 Sedan"
"1704","5711","2023-10-06","SM-2 Crossover"
"1705","4160","2026-01-02","SM-Pickup"
"1706","7024","2025-01-16","SM-2 Crossover"
"1707","6905","2025-12-24","SM-2 Crossover"
"1708","1127","2022-11-09","SM-2 Crossover"
"1709","4751","2020-10-28","SM-2 Crossover"
"1710","5738","2025-04-11","SM-2 Founders"
"1711","481","2025-01-30","SM-2 Crossover"
"1712","1682","2024-01-07","SM-2 Crossover"
"1713","4953","2024-02-28","SM-2 Founders"
"1714","3854","2025-10-20","SM-2 Crossover"
"1715","7263","2021-06-06","SM-1 Sedan"
"1716","4209","2024-08-07","SM-Pickup"
"1717","4084","2024-08-27","SM-2 Crossover"
"1718","5849","2025-10-14","SM-1 Sedan"
"1719","5263","2025-10-08","SM-2 Crossover"
"1720","3702","2022-12-27","SM-2 Crossover"
"1721","758","2024-01-13","SM-Pickup"
"1722","5462","2026-01-18","SM-1 Sedan"
"1723","4885","2025-08-21","SM-2 Crossover"
"1724","3124","2026-04-28","SM-2 Crossover"
"1725","2150","2026-05-30","SM-1 Sedan"
"1726","3399","2023-02-16","SM-Pickup"
"1727","1234","2026-06-23","SM-2 Founders"
"1728","3162","2024-02-03","SM-2 Crossover"
"1729","5855","2024-03-03","SM-2 Founders"
"1730","3821","2026-03-05","SM-1 Sedan"
"1731","6263","2025-07-15","SM-2 Crossover"
"1732","739","2025-11-16","SM-1 Sedan"
"1733","1644","2025-11-04","SM-1 Sedan"
"1734","3423","2025-08-25","SM-Pickup"
"1735","2442","2025-01-26","SM-Pickup"
"1736","1354","2024-11-15","SM-2 Founders"
"1737","6937","2024-10-01","SM-2 Crossover"
"1738","1132","2024-04-26","SM-Pickup"
"1739","1160","2025-04-11","SM-2 Founders"
"1740","941","2026-04-04","SM-2 Crossover"
"1741","2163","2025-02-17","SM-1 Sedan"
"1742","7972","2024-12-07","SM-Pickup"
"1743","4866","2025-11-15","SM-Pickup"
"1744","4710","2025-11-19","SM-2 Crossover"
"1745","4041","2024-12-13","SM-2 Founders"
"1746","1651","2025-03-08","SM-1 Sedan"
"1747","2799","2026-05-06","SM-1 Sedan"
"1748","5282","2022-09-19","SM-2 Founders"
"1749","4449","2020-03-14","SM-Pickup"
"1750","3363","2024-11-20","SM-2 Founders"
"1751","3648","2021-09-22","SM-2 Founders"
"1752","3317","2025-01-21","SM-1 Sedan"
"1753","1906","2026-03-20","SM-2 Founders"
"1754","1688","2026-03-21","SM-2 Crossover"
"1755","5071","2022-03-03","SM-Pickup"
"1756","6391","2020-10-18","SM-2 Crossover"
"1757","4721","2023-09-06","SM-Pickup"
"1758","4080","2025-11-01","SM-Pickup"
"1759","32","2025-11-09","SM-2 Crossover"
"1760","7743","2022-07-01","SM-1 Sedan"
"1761","7284","2026-05-04","SM-Pickup"
"1762","5299","2025-11-12","SM-1 Sedan"
"1763","843","2024-07-17","SM-1 Sedan"
"1764","5852","2026-04-19","SM-1 Sedan"
"1765","3271","2024-01-31","SM-Pickup"
"1766","4314","2021-08-30","SM-2 Crossover"
"1767","84","2020-04-02","SM-2 Crossover"
"1768","5520","2023-08-26","SM-Pickup"
"1769","2528","2023-01-30","SM-1 Sedan"
"1770","2519","2025-09-15","SM-Pickup"
"1771","7541","2023-11-21","SM-1 Sedan"
"1772","197","2024-06-15","SM-Pickup"
"1773","7069","2026-01-09","SM-Pickup"
"1774","853","2025-03-07","SM-2 Crossover"
"1775","1845","2024-06-03","SM-2 Founders"
"1776","7608","2024-01-11","SM-2 Crossover"
"1777","3667","2025-05-08","SM-2 Founders"
"1778","4126","2026-02-01","SM-2 Crossover"
"1779","809","2019-10-17","SM-2 Crossover"
"1780","6072","2022-07-12","SM-2 Crossover"
"1781","5666","2025-11-22","SM-2 Crossover"
"1782","2733","2025-09-01","SM-2 Crossover"
"1783","2065","2026-04-30","SM-2 Crossover"
"1784","4637","2026-01-20","SM-Pickup"
"1785","571","2024-12-15","SM-Pickup"
"1786","7319","2019-09-05","SM-1 Sedan"
"1787","5805","2023-04-01","SM-2 Crossover"
"1788","2742","2023-03-08","SM-1 Sedan"
"1789","4944","2024-07-21","SM-1 Sedan"
"1790","1175","2026-05-11","SM-2 Crossover"
"1791","196","2024-06-02","SM-2 Crossover"
"1792","4196","2023-07-03","SM-1 Sedan"
"1793","2772","2024-11-24","SM-1 Sedan"
"1794","983","2023-09-12","SM-Pickup"
"1795","3756","2023-04-26","SM-2 Crossover"
"1796","4197","2023-02-15","SM-Pickup"
"1797","5241","2026-03-08","SM-Pickup"
"1798","5966","2024-06-05","SM-2 Founders"
"1799","1484","2023-08-23","SM-1 Sedan"
"1800","2448","2024-08-08","SM-2 Founders"
"1801","7141","2023-10-03","SM-1 Sedan"
"1802","6170","2024-01-04","SM-2 Crossover"
"1803","5995","2026-01-29","SM-2 Crossover"
"1804","3971","2026-02-11","SM-1 Sedan"
"1805","4374","2025-08-14","SM-1 Sedan"
"1806","3676","2024-03-17","SM-2 Crossover"
"1807","6631","2025-07-06","SM-1 Sedan"
"1808","6157","2024-07-25","SM-1 Sedan"
"1809","3824","2022-06-14","SM-2 Crossover"
"1810","2983","2025-12-22","SM-1 Sedan"
"1811","6453","2022-01-29","SM-2 Founders"
"1812","4013","2025-08-08","SM-2 Crossover"
"1813","1146","2026-02-28","SM-Pickup"
"1814","3277","2025-03-23","SM-2 Crossover"
"1815","2267","2023-10-30","SM-1 Sedan"
"1816","1879","2025-09-10","SM-1 Sedan"
"1817","6032","2026-04-24","SM-2 Crossover"
"1818","4905","2024-12-25","SM-2 Founders"
"1819","1977","2022-10-09","SM-2 Founders"
"1820","1130","2025-05-30","SM-2 Crossover"
"1821","7632","2023-03-31","SM-2 Founders"
"1822","2147","2025-09-13","SM-Pickup"
"1823","7995","2023-04-16","SM-1 Sedan"
"1824","2521","2026-06-26","SM-2 Crossover"
"1825","7185","2022-12-14","SM-Pickup"
"1826","2702","2025-07-25","SM-2 Founders"
"1827","1806","2025-08-01","SM-Pickup"
"1828","3950","2022-01-18","SM-2 Crossover"
"1829","4355","2024-12-05","SM-2 Crossover"
"1830","2090","2026-02-13","SM-2 Crossover"
"1831","7983","2025-08-07","SM-2 Founders"
"1832","531","2024-10-12","SM-1 Sedan"
"1833","1438","2021-01-06","SM-2 Crossover"
"1834","7733","2023-07-09","SM-Pickup"
"1835","5354","2025-10-14","SM-1 Sedan"
"1836","5770","2026-03-21","SM-1 Sedan"
"1837","819","2025-07-13","SM-Pickup"
"1838","6676","2025-10-27","SM-2 Crossover"
"1839","5752","2026-04-13","SM-2 Crossover"
"1840","2152","2021-10-29","SM-1 Sedan"
"1841","7939","2021-01-10","SM-2 Crossover"
"1842","4956","2026-05-27","SM-1 Sedan"
"1843","188","2021-10-21","SM-2 Crossover"
"1844","6112","2022-02-28","SM-Pickup"
"1845","180","2026-01-22","SM-1 Sedan"
"1846","1396","2026-02-03","SM-1 Sedan"
"1847","2241","2025-11-14","SM-Pickup"
"1848","4045","2026-03-15","SM-1 Sedan"
"1849","1299","2024-08-11","SM-1 Sedan"
"1850","7060","2025-09-27","SM-1 Sedan"
"1851","3897","2024-05-31","SM-2 Founders"
"1852","1347","2025-06-19","SM-Pickup"
"1853","7512","2026-06-05","SM-2 Founders"
"1854","5926","2026-06-23","SM-2 Crossover"
"1855","7637","2025-06-25","SM-1 Sedan"
"1856","7982","2025-12-25","SM-2 Crossover"
"1857","1456","2026-05-08","SM-2 Crossover"
"1858","5446","2026-03-18","SM-2 Crossover"
"1859","4397","2025-04-10","SM-Pickup"
"1860","3784","2023-12-21","SM-2 Founders"
"1861","3312","2025-07-09","SM-1 Sedan"
"1862","5175","2023-06-14","SM-1 Sedan"
"1863","2571","2023-12-22","SM-2 Crossover"
"1864","1431","2020-09-19","SM-Pickup"
"1865","2201","2023-07-06","SM-2 Founders"
"1866","7136","2026-03-05","SM-2 Crossover"
"1867","972","2022-01-14","SM-1 Sedan"
"1868","4596","2025-08-09","SM-1 Sedan"
"1869","1968","2026-02-10","SM-2 Crossover"
"1870","2469","2025-12-29","SM-2 Founders"
"1871","4072","2025-10-12","SM-1 Sedan"
"1872","6146","2026-05-06","SM-1 Sedan"
"1873","1969","2026-04-13","SM-2 Crossover"
"1874","6744","2024-04-23","SM-1 Sedan"
"1875","5405","2020-12-20","SM-1 Sedan"
"1876","6335","2020-10-28","SM-2 Founders"
"1877","4578","2024-04-30","SM-1 Sedan"
"1878","3807","2026-05-07","SM-Pickup"
"1879","4","2026-04-19","SM-2 Founders"
"1880","3927","2024-01-01","SM-2 Crossover"
"1881","1190","2025-12-10","SM-1 Sedan"
"1882","6970","2025-09-27","SM-2 Crossover"
"1883","782","2024-06-22","SM-1 Sedan"
"1884","5436","2025-02-20","SM-1 Sedan"
"1885","7730","2023-05-17","SM-2 Crossover"
"1886","1643","2025-06-23","SM-1 Sedan"
"1887","2336","2023-05-02","SM-1 Sedan"
"1888","3583","2024-02-03","SM-2 Crossover"
"1889","4490","2025-09-14","SM-1 Sedan"
"1890","2043","2025-06-26","SM-2 Founders"
"1891","1613","2022-10-24","SM-1 Sedan"
"1892","4124","2021-08-14","SM-2 Crossover"
"1893","630","2023-09-28","SM-2 Crossover"
"1894","5415","2023-05-07","SM-1 Sedan"
"1895","1406","2020-08-26","SM-1 Sedan"
"1896","5202","2021-10-11","SM-1 Sedan"
"1897","7295","2025-04-27","SM-2 Crossover"
"1898","2864","2025-05-19","SM-1 Sedan"
"1899","6192","2025-07-28","SM-2 Founders"
"1900","1113","2020-01-17","SM-2 Founders"
"1901","616","2023-12-18","SM-1 Sedan"
"1902","7785","2024-02-29","SM-2 Crossover"
"1903","5179","2021-09-19","SM-1 Sedan"
"1904","7215","2025-03-13","SM-2 Crossover"
"1905","7585","2023-05-28","SM-2 Crossover"
"1906","3249","2024-12-07","SM-1 Sedan"
"1907","6357","2020-10-15","SM-1 Sedan"
"1908","6707","2023-06-27","SM-1 Sedan"
"1909","2226","2020-05-02","SM-1 Sedan"
"1910","3476","2023-02-19","SM-1 Sedan"
"1911","3252","2024-08-04","SM-2 Crossover"
"1912","931","2024-11-04","SM-1 Sedan"
"1913","7906","2021-05-25","SM-1 Sedan"
"1914","817","2021-10-23","SM-1 Sedan"
"1915","6061","2022-04-13","SM-1 Sedan"
"1916","5022","2022-02-20","SM-2 Founders"
"1917","2849","2022-08-10","SM-2 Crossover"
"1918","5993","2025-07-16","SM-2 Founders"
"1919","6525","2023-07-01","SM-2 Crossover"
"1920","4683","2026-06-08","SM-1 Sedan"
"1921","2986","2026-04-21","SM-1 Sedan"
"1922","2022","2025-12-07","SM-1 Sedan"
"1923","6253","2024-12-17","SM-Pickup"
"1924","5684","2026-06-16","SM-1 Sedan"
"1925","4219","2025-02-14","SM-1 Sedan"
"1926","2071","2024-01-18","SM-2 Crossover"
"1927","7408","2024-02-23","SM-2 Crossover"
"1928","1888","2024-06-21","SM-Pickup"
"1929","664","2025-06-16","SM-2 Crossover"
"1930","5593","2025-09-09","SM-1 Sedan"
"1931","6556","2025-03-16","SM-1 Sedan"
"1932","1457","2026-02-01","SM-Pickup"
"1933","3407","2025-11-18","SM-2 Founders"
"1934","93","2026-03-01","SM-2 Crossover"
"1935","7525","2024-09-07","SM-Pickup"
"1936","3067","2025-08-28","SM-2 Crossover"
"1937","5029","2022-06-08","SM-1 Sedan"
"1938","1176","2024-07-12","SM-1 Sedan"
"1939","1740","2024-05-24","SM-1 Sedan"
"1940","4870","2023-09-25","SM-2 Crossover"
"1941","5167","2026-04-10","SM-1 Sedan"
"1942","367","2022-06-22","SM-1 Sedan"
"1943","7102","2025-09-19","SM-2 Crossover"
"1944","3425","2026-02-01","SM-2 Crossover"
"1945","3938","2024-09-02","SM-2 Crossover"
"1946","5954","2026-02-14","SM-2 Crossover"
"1947","4732","2023-06-20","SM-1 Sedan"
"1948","6445","2026-03-12","SM-2 Crossover"
"1949","7344","2022-12-14","SM-1 Sedan"
"1950","1476","2024-02-05","SM-1 Sedan"
"1951","3745","2026-05-21","SM-1 Sedan"
"1952","5152","2024-05-11","SM-2 Crossover"
"1953","6410","2020-02-01","SM-2 Founders"
"1954","6248","2026-04-12","SM-Pickup"
"1955","5873","2023-01-11","SM-1 Sedan"
"1956","7548","2025-12-01","SM-2 Crossover"
"1957","4281","2025-08-24","SM-2 Crossover"
"1958","2155","2025-12-09","SM-2 Founders"
"1959","6643","2026-05-20","SM-1 Sedan"
"1960","1301","2023-12-21","SM-2 Crossover"
"1961","5297","2022-11-30","SM-2 Crossover"
"1962","6057","2024-12-13","SM-Pickup"
"1963","955","2022-01-09","SM-2 Crossover"
"1964","5268","2021-12-30","SM-2 Founders"
"1965","7079","2023-05-08","SM-1 Sedan"
"1966","224","2023-12-28","SM-2 Crossover"
"1967","1247","2023-06-23","SM-Pickup"
"1968","2673","2023-01-24","SM-Pickup"
"1969","6163","2024-11-29","SM-1 Sedan"
"1970","7342","2026-01-01","SM-1 Sedan"
"1971","2652","2024-07-17","SM-Pickup"
"1972","332","2022-04-15","SM-2 Crossover"
"1973","728","2026-01-26","SM-2 Founders"
"1974","3148","2025-02-16","SM-2 Founders"
"1975","319","2025-01-30","SM-2 Founders"
"1976","2179","2021-12-01","SM-Pickup"
"1977","793","2023-11-22","SM-Pickup"
"1978","1324","2025-12-13","SM-1 Sedan"
"1979","6197","2023-06-01","SM-Pickup"
"1980","488","2026-06-07","SM-1 Sedan"
"1981","6203","2023-10-11","SM-2 Crossover"
"1982","4942","2024-08-09","SM-2 Founders"
"1983","5746","2021-04-07","SM-2 Crossover"
"1984","3267","2022-11-11","SM-2 Crossover"
"1985","6802","2026-04-30","SM-2 Crossover"
"1986","1094","2023-11-09","SM-2 Crossover"
"1987","4165","2024-11-28","SM-2 Crossover"
"1988","6006","2022-12-22","SM-2 Crossover"
"1989","1588","2024-04-30","SM-1 Sedan"
"1990","2687","2024-11-11","SM-2 Crossover"
"1991","7578","2023-01-29","SM-2 Crossover"
"1992","2873","2024-12-07","SM-1 Sedan"
"1993","5913","2022-12-26","SM-1 Sedan"
"1994","1245","2024-05-09","SM-2 Crossover"
"1995","4955","2025-03-03","SM-2 Crossover"
"1996","639","2021-11-16","SM-Pickup"
"1997","4496","2021-12-18","SM-1 Sedan"
"1998","5751","2024-04-30","SM-2 Crossover"
"1999","7998","2025-07-10","SM-1 Sedan"
"2000","3693","2026-04-16","SM-Pickup"
"2001","1840","2023-04-03","SM-1 Sedan"
"2002","6180","2026-06-08","SM-1 Sedan"
"2003","3708","2025-06-28","SM-1 Sedan"
"2004","5799","2022-06-27","SM-2 Crossover"
"2005","2085","2025-11-16","SM-Pickup"
"2006","4295","2026-01-17","SM-2 Founders"
"2007","1331","2024-01-31","SM-1 Sedan"
"2008","4567","2023-01-24","SM-2 Crossover"
"2009","1321","2025-10-22","SM-1 Sedan"
"2010","1005","2021-06-05","SM-Pickup"
"2011","3543","2024-07-26","SM-1 Sedan"
"2012","7467","2021-12-16","SM-1 Sedan"
"2013","4702","2023-07-13","SM-1 Sedan"
"2014","7777","2026-03-09","SM-Pickup"
"2015","6782","2025-06-17","SM-2 Founders"
"2016","6512","2023-07-03","SM-1 Sedan"
"2017","2291","2026-01-19","SM-1 Sedan"
"2018","202","2022-10-15","SM-2 Crossover"
"2019","4829","2026-04-02","SM-2 Founders"
"2020","167","2025-06-10","SM-2 Crossover"
"2021","2274","2024-12-23","SM-1 Sedan"
"2022","5940","2022-05-11","SM-2 Crossover"
"2023","3298","2023-08-24","SM-2 Crossover"
"2024","7335","2026-04-10","SM-Pickup"
"2025","352","2025-03-24","SM-2 Crossover"
"2026","1380","2025-07-06","SM-Pickup"
"2027","4002","2022-05-04","SM-1 Sedan"
"2028","2429","2026-04-11","SM-2 Crossover"
"2029","4484","2023-09-27","SM-2 Founders"
"2030","3585","2026-02-19","SM-2 Crossover"
"2031","1129","2023-09-26","SM-2 Crossover"
"2032","7455","2024-06-28","SM-1 Sedan"
"2033","453","2026-03-12","SM-2 Crossover"
"2034","1150","2024-08-23","SM-1 Sedan"
"2035","4796","2022-05-20","SM-2 Crossover"
"2036","5823","2025-11-11","SM-1 Sedan"
"2037","2197","2024-03-04","SM-2 Crossover"
"2038","2340","2025-05-03","SM-Pickup"
"2039","2809","2025-12-09","SM-1 Sedan"
"2040","29","2024-11-28","SM-1 Sedan"
"2041","756","2021-07-06","SM-2 Crossover"
"2042","56","2022-03-20","SM-1 Sedan"
"2043","5261","2020-07-23","SM-2 Crossover"
"2044","5320","2024-12-13","SM-1 Sedan"
"2045","4531","2024-06-21","SM-Pickup"
"2046","441","2024-02-09","SM-2 Crossover"
"2047","4125","2019-08-11","SM-2 Crossover"
"2048","7521","2026-05-12","SM-1 Sedan"
"2049","3203","2021-10-04","SM-1 Sedan"
"2050","2325","2025-11-23","SM-1 Sedan"
"2051","5694","2026-05-03","SM-2 Crossover"
"2052","1369","2021-09-14","SM-2 Crossover"
"2053","5258","2022-07-18","SM-1 Sedan"
"2054","5238","2026-01-23","SM-1 Sedan"
"2055","7482","2025-07-17","SM-1 Sedan"
"2056","2381","2024-10-10","SM-2 Crossover"
"2057","2604","2023-07-03","SM-1 Sedan"
"2058","327","2023-04-10","SM-1 Sedan"
"2059","6746","2026-03-11","SM-2 Crossover"
"2060","2063","2026-05-20","SM-Pickup"
"2061","2553","2026-04-20","SM-1 Sedan"
"2062","725","2023-08-04","SM-1 Sedan"
"2063","3809","2024-03-04","SM-1 Sedan"
"2064","1173","2025-02-06","SM-Pickup"
"2065","3522","2021-01-18","SM-1 Sedan"
"2066","2865","2023-04-12","SM-1 Sedan"
"2067","6694","2020-12-23","SM-1 Sedan"
"2068","4656","2025-06-27","SM-1 Sedan"
"2069","2439","2026-03-22","SM-Pickup"
"2070","1355","2025-03-09","SM-Pickup"
"2071","7247","2023-08-09","SM-2 Crossover"
"2072","6879","2023-12-29","SM-1 Sedan"
"2073","5086","2025-10-01","SM-2 Crossover"
"2074","924","2025-06-09","SM-Pickup"
"2075","1935","2023-10-25","SM-1 Sedan"
"2076","6771","2026-05-29","SM-2 Crossover"
"2077","4763","2025-07-01","SM-1 Sedan"
"2078","3901","2020-07-23","SM-1 Sedan"
"2079","5527","2024-12-12","SM-1 Sedan"
"2080","6323","2024-04-18","SM-1 Sedan"
"2081","5348","2025-06-29","SM-Pickup"
"2082","1295","2022-06-09","SM-2 Crossover"
"2083","1885","2025-02-28","SM-2 Crossover"
"2084","4156","2022-06-02","SM-2 Crossover"
"2085","4803","2026-02-19","SM-2 Crossover"
"2086","3346","2023-07-13","SM-1 Sedan"
"2087","3669","2024-07-24","SM-Pickup"
"2088","4181","2024-01-10","SM-2 Crossover"
"2089","6377","2025-10-25","SM-1 Sedan"
"2090","4571","2022-11-29","SM-1 Sedan"
"2091","6478","2025-09-17","SM-1 Sedan"
"2092","5327","2026-01-24","SM-Pickup"
"2093","4893","2024-09-15","SM-2 Crossover"
"2094","6118","2025-12-07","SM-2 Crossover"
"2095","6349","2026-04-25","SM-1 Sedan"
"2096","7699","2022-12-26","SM-2 Crossover"
"2097","2380","2024-01-09","SM-1 Sedan"
"2098","7971","2026-05-16","SM-2 Crossover"
"2099","4401","2025-10-07","SM-Pickup"
"2100","7231","2025-04-28","SM-2 Founders"
"2101","3960","2020-05-25","SM-Pickup"
"2102","5859","2019-07-15","SM-Pickup"
"2103","702","2020-08-07","SM-1 Sedan"
"2104","6434","2019-10-25","SM-2 Founders"
