quarter_end,opening,provision,writeoffs,ending
2024-03-31,0.00,106685.84,0.00,106685.84
2024-06-30,106685.84,-6421.44,0.00,100264.40
2024-09-30,100264.40,43141.21,39411.09,103994.52
2024-12-31,103994.52,64917.91,68025.92,100886.51
2025-03-31,100886.51,19395.67,14992.92,105289.26
2025-06-30,105289.26,28969.14,30772.02,103486.38
2025-09-30,103486.38,53029.53,55842.78,100673.13
2025-12-31,100673.13,30534.47,27092.55,104115.05
2026-03-31,104115.05,64912.15,47783.64,121243.56
2026-06-30,121243.56,35196.40,34558.34,121881.62
