period_end,account,balance
2024-03-31,1200 Accounts receivable,5334292.23
2024-03-31,1210 Allowance for doubtful accounts,106685.84
2024-06-30,1200 Accounts receivable,5013220.12
2024-06-30,1210 Allowance for doubtful accounts,100264.40
2024-09-30,1200 Accounts receivable,5199725.75
2024-09-30,1210 Allowance for doubtful accounts,103994.52
2024-12-31,1200 Accounts receivable,5044325.47
2024-12-31,1210 Allowance for doubtful accounts,100886.51
2025-03-31,1200 Accounts receivable,5264462.81
2025-03-31,1210 Allowance for doubtful accounts,105289.26
2025-06-30,1200 Accounts receivable,5174319.10
2025-06-30,1210 Allowance for doubtful accounts,103486.38
2025-09-30,1200 Accounts receivable,5033656.34
2025-09-30,1210 Allowance for doubtful accounts,100673.13
2025-12-31,1200 Accounts receivable,5205752.67
2025-12-31,1210 Allowance for doubtful accounts,104115.05
2026-03-31,1200 Accounts receivable,6062178.10
2026-03-31,1210 Allowance for doubtful accounts,121243.56
2026-06-30,1200 Accounts receivable,6094080.98
2026-06-30,1210 Allowance for doubtful accounts,121881.62
